<application>
  <component name="ExternalDiffSettings">
    <option name="MIGRATE_OLD_SETTINGS" value="true" />
  </component>
  <component name="TextDiffSettings">
    <option name="PLACES_MAP">
      <entry key="Default">
        <PlaceSettings>
          <option name="HIGHLIGHT_POLICY" value="BY_LINE" />
        </PlaceSettings>
      </entry>
      <entry key="Merge">
        <PlaceSettings>
          <option name="IGNORE_POLICY" value="IGNORE_WHITESPACES" />
        </PlaceSettings>
      </entry>
    </option>
  </component>
</application>