<application>
  <component name="FindSettings">
    <option name="customScope" value="Project Files" />
    <option name="defaultScopeName" value="Project Files" />
    <option name="SEARCH_SCOPE" value="Project Files" />
    <mask>*.properties</mask>
    <mask>*.jsp</mask>
    <mask>*.xml</mask>
    <mask>*.as</mask>
    <mask>*.css</mask>
    <mask>*.mxml</mask>
    <mask>g</mask>
    <mask>*.java</mask>
    <mask>*.js</mask>
    <mask>.ts</mask>
    <mask>.html</mask>
    <mask>*.stories.ts</mask>
    <mask>*.json</mask>
    <mask>*.e2e.spec.ts</mask>
    <mask>*.py</mask>
    <mask>*.jinja2</mask>
    <mask>*routing.module.ts</mask>
    <mask>*route.ts</mask>
    <mask>*.yml</mask>
    <mask>*.cy.ts</mask>
    <mask>*.ts</mask>
    <mask>*.spec.ts</mask>
    <mask>*.scss</mask>
    <mask>*.html</mask>
  </component>
</application>