<application>
  <component name="Trusted.Paths">
    <option name="TRUSTED_PROJECT_PATHS">
      <map>
        <entry key="$USER_HOME$/Projects/ag-charts" value="true" />
        <entry key="$USER_HOME$/Projects/ag-grid" value="true" />
        <entry key="$USER_HOME$/Projects/analytics-infrastructure" value="true" />
        <entry key="$USER_HOME$/Projects/chatbot-ui-lite" value="true" />
        <entry key="$USER_HOME$/Projects/docs" value="true" />
        <entry key="$USER_HOME$/Projects/docs-private" value="true" />
        <entry key="$USER_HOME$/Projects/e2e-tests" value="true" />
        <entry key="$USER_HOME$/Projects/eagle-cloud" value="true" />
        <entry key="$USER_HOME$/Projects/eagle-cloud-infrastructure" value="true" />
        <entry key="$USER_HOME$/Projects/echo-analytics" value="true" />
        <entry key="$USER_HOME$/Projects/echo-templates-engine" value="true" />
        <entry key="$USER_HOME$/Projects/echo-web-clients" value="true" />
        <entry key="$USER_HOME$/Projects/remove-me-19-09-2024" value="true" />
        <entry key="$USER_HOME$/Projects/remove-me-26-08-2024" value="true" />
        <entry key="$USER_HOME$/Projects/resume" value="true" />
        <entry key="$USER_HOME$/Projects/serverless-image-handler" value="true" />
        <entry key="$USER_HOME$/Projects/shopulec" value="true" />
        <entry key="$USER_HOME$/Projects/web-observer" value="true" />
      </map>
    </option>
  </component>
</application>