<application>
  <component name="DimensionService">
    <location key="find.popup.2560.0.2560.1440" x="3684" y="340" />
    <location key="find.popup.0.231.2560.1440" x="103" y="308" />
    <location key="find.popup.5120.0.2560.1440" x="5911" y="271" />
    <location key="find.popup.0.0.2560.1440" x="3610" y="121" />
    <location key="find.popup.0.0.7680.1440" x="3022" y="374" />
    <size key="GridCell.Tab.0.left.2560.0.2560.1440" width="2478" height="445" />
    <size key="GridCell.Tab.0.center.2560.0.2560.1440" width="2478" height="445" />
    <size key="GridCell.Tab.0.right.2560.0.2560.1440" width="2478" height="445" />
    <size key="GridCell.Tab.0.bottom.2560.0.2560.1440" width="2478" height="445" />
    <size key="find.popup.2560.0.2560.1440" width="1267" height="820" />
    <size key="GridCell.Tab.0.left.0.231.2560.1440" width="2478" height="409" />
    <size key="GridCell.Tab.0.center.0.231.2560.1440" width="2478" height="409" />
    <size key="GridCell.Tab.0.right.0.231.2560.1440" width="2478" height="409" />
    <size key="GridCell.Tab.0.bottom.0.231.2560.1440" width="2478" height="409" />
    <size key="find.popup.0.231.2560.1440" width="809" height="824" />
    <size key="GridCell.Tab.2.left.2560.0.2560.1440" width="2478" height="495" />
    <size key="GridCell.Tab.2.center.2560.0.2560.1440" width="2478" height="495" />
    <size key="GridCell.Tab.2.right.2560.0.2560.1440" width="2478" height="495" />
    <size key="GridCell.Tab.2.bottom.2560.0.2560.1440" width="2478" height="495" />
    <size key="GridCell.Tab.1.left.2560.0.2560.1440" width="2478" height="378" />
    <size key="GridCell.Tab.1.center.2560.0.2560.1440" width="2478" height="378" />
    <size key="GridCell.Tab.1.right.2560.0.2560.1440" width="2478" height="378" />
    <size key="GridCell.Tab.1.bottom.2560.0.2560.1440" width="2478" height="378" />
    <size key="GridCell.Tab.3.left.2560.0.2560.1440" width="2478" height="495" />
    <size key="GridCell.Tab.3.center.2560.0.2560.1440" width="2478" height="495" />
    <size key="GridCell.Tab.3.right.2560.0.2560.1440" width="2478" height="495" />
    <size key="GridCell.Tab.3.bottom.2560.0.2560.1440" width="2478" height="495" />
    <size key="find.popup.5120.0.2560.1440" width="1267" height="820" />
    <size key="GridCell.Tab.2.left.5120.0.2560.1440" width="2478" height="359" />
    <size key="GridCell.Tab.2.center.5120.0.2560.1440" width="2478" height="359" />
    <size key="GridCell.Tab.2.right.5120.0.2560.1440" width="2478" height="359" />
    <size key="GridCell.Tab.2.bottom.5120.0.2560.1440" width="2478" height="359" />
    <size key="find.popup.0.0.2560.1440" width="1267" height="820" />
    <size key="GridCell.Tab.0.left.0.0.2560.1440" width="2478" height="615" />
    <size key="GridCell.Tab.0.center.0.0.2560.1440" width="2478" height="615" />
    <size key="GridCell.Tab.0.right.0.0.2560.1440" width="2478" height="615" />
    <size key="GridCell.Tab.0.bottom.0.0.2560.1440" width="2478" height="615" />
    <size key="find.popup.0.0.7680.1440" width="1639" height="765" />
    <size key="GridCell.Tab.0.left.0.0.7680.1440" width="2478" height="473" />
    <size key="GridCell.Tab.0.center.0.0.7680.1440" width="2478" height="473" />
    <size key="GridCell.Tab.0.right.0.0.7680.1440" width="2478" height="473" />
    <size key="GridCell.Tab.0.bottom.0.0.7680.1440" width="2478" height="473" />
    <size key="GridCell.Tab.1.left.0.0.2560.1440" width="2478" height="451" />
    <size key="GridCell.Tab.1.center.0.0.2560.1440" width="2478" height="451" />
    <size key="GridCell.Tab.1.right.0.0.2560.1440" width="2478" height="451" />
    <size key="GridCell.Tab.1.bottom.0.0.2560.1440" width="2478" height="451" />
    <size key="GridCell.Tab.2.left.0.0.2560.1440" width="2478" height="451" />
    <size key="GridCell.Tab.2.center.0.0.2560.1440" width="2478" height="451" />
    <size key="GridCell.Tab.2.right.0.0.2560.1440" width="2478" height="451" />
    <size key="GridCell.Tab.2.bottom.0.0.2560.1440" width="2478" height="451" />
    <size key="GridCell.Tab.3.left.0.0.2560.1440" width="2478" height="451" />
    <size key="GridCell.Tab.3.center.0.0.2560.1440" width="2478" height="451" />
    <size key="GridCell.Tab.3.right.0.0.2560.1440" width="2478" height="451" />
    <size key="GridCell.Tab.3.bottom.0.0.2560.1440" width="2478" height="451" />
    <size key="GridCell.Tab.0.left.5120.0.2560.1440" width="2478" height="392" />
    <size key="GridCell.Tab.0.center.5120.0.2560.1440" width="2478" height="392" />
    <size key="GridCell.Tab.0.right.5120.0.2560.1440" width="2478" height="392" />
    <size key="GridCell.Tab.0.bottom.5120.0.2560.1440" width="2478" height="392" />
  </component>
  <component name="WindowManager">
    <frame x="2560" y="32" width="2560" height="1334" extendedState="6" />
  </component>
  <component name="WindowStateApplicationService">
    <state width="684" height="135" key="ShowUsagesActions.dimensionServiceKey" timestamp="1736267775875">
      <screen x="2560" y="0" width="2560" height="1440" />
    </state>
    <state width="684" height="135" key="ShowUsagesActions.dimensionServiceKey/2560.0.2560.1440/5120.0.2560.1440/0.0.2560.1440" timestamp="1736267775875" />
    <state width="780" height="163" key="ShowUsagesActions.dimensionServiceKey/2560.32.2560.1334/5120.0.2560.1440/0.0.2560.1440" timestamp="1732875119423" />
    <state width="990" height="471" key="ShowUsagesActions.dimensionServiceKey/2560.32.2560.1346/5120.0.2560.1440/0.0.2560.1440" timestamp="1729098364887" />
    <state width="300" height="524" key="manage.recent.projects.popup" timestamp="1734359242416">
      <screen x="2560" y="0" width="2560" height="1440" />
    </state>
    <state width="300" height="524" key="manage.recent.projects.popup/2560.0.2560.1440/5120.0.2560.1440/0.0.2560.1440" timestamp="1734359242416" />
  </component>
</application>