<keymap version="1" name="Default copy" parent="$default">
  <action id="ActivateDebugToolWindow" />
  <action id="ActivateFavoritesToolWindow" />
  <action id="ActivateFindToolWindow" />
  <action id="ActivateRunToolWindow" />
  <action id="ActivateTerminalToolWindow">
    <keyboard-shortcut first-keystroke="alt 4" />
  </action>
  <action id="ActivateVersionControlToolWindow">
    <keyboard-shortcut first-keystroke="alt 3" />
  </action>
  <action id="AddToFavoritesPopup" />
  <action id="Arrangement.Alias.Rule.Edit" />
  <action id="Arrangement.Rule.Edit" />
  <action id="Back">
    <keyboard-shortcut first-keystroke="ctrl alt z" />
  </action>
  <action id="ChangesView.Revert" />
  <action id="ClassNameCompletion" />
  <action id="CloseActiveTab" />
  <action id="CloseContent">
    <keyboard-shortcut first-keystroke="alt q" />
  </action>
  <action id="CollapseAll">
    <keyboard-shortcut first-keystroke="ctrl subtract" />
  </action>
  <action id="CollapseAllRegions">
    <keyboard-shortcut first-keystroke="shift ctrl minus" />
  </action>
  <action id="CollapseExpandableComponent">
    <keyboard-shortcut first-keystroke="shift enter" />
    <keyboard-shortcut first-keystroke="ctrl subtract" />
  </action>
  <action id="CollapseRegion">
    <keyboard-shortcut first-keystroke="ctrl minus" />
  </action>
  <action id="CommentByBlockComment">
    <keyboard-shortcut first-keystroke="ctrl w" />
  </action>
  <action id="CommentByLineComment">
    <keyboard-shortcut first-keystroke="ctrl q" />
  </action>
  <action id="Compare.SameVersion">
    <keyboard-shortcut first-keystroke="shift f1" />
  </action>
  <action id="Console.TableResult.EditValue">
    <keyboard-shortcut first-keystroke="enter" />
    <keyboard-shortcut first-keystroke="alt enter" />
  </action>
  <action id="ContextHelp" />
  <action id="Debugger.EditArrayFilter" />
  <action id="DomCollectionControl.Add" />
  <action id="DomElementsTreeView.AddElement" />
  <action id="EditSource">
    <keyboard-shortcut first-keystroke="ctrl alt space" />
  </action>
  <action id="EditorContextInfo" />
  <action id="EditorSelectLine">
    <keyboard-shortcut first-keystroke="alt l" />
  </action>
  <action id="EditorSelectWord">
    <keyboard-shortcut first-keystroke="alt c" />
  </action>
  <action id="EditorToggleInsertState" />
  <action id="ExternalJavaDoc" />
  <action id="FileChooser.NewFolder">
    <keyboard-shortcut first-keystroke="alt insert" />
  </action>
  <action id="FileStructurePopup">
    <keyboard-shortcut first-keystroke="alt s" />
  </action>
  <action id="FindNext">
    <keyboard-shortcut first-keystroke="f3" />
  </action>
  <action id="Forward">
    <mouse-shortcut keystroke="button5" />
  </action>
  <action id="Git.CompareWithBranch">
    <keyboard-shortcut first-keystroke="alt h" />
  </action>
  <action id="Git.Reword.Commit">
    <keyboard-shortcut first-keystroke="shift f6" />
  </action>
  <action id="GotoChangedFile" />
  <action id="GotoClass" />
  <action id="GotoLine">
    <keyboard-shortcut first-keystroke="ctrl l" />
  </action>
  <action id="GotoNextBookmark">
    <keyboard-shortcut first-keystroke="alt period" />
  </action>
  <action id="GotoNextError">
    <keyboard-shortcut first-keystroke="alt close_bracket" />
  </action>
  <action id="GotoNextIncompletePropertyAction" />
  <action id="GotoPreviousBookmark">
    <keyboard-shortcut first-keystroke="alt comma" />
  </action>
  <action id="GotoPreviousError">
    <keyboard-shortcut first-keystroke="alt open_bracket" />
  </action>
  <action id="GuiDesigner.CreateListener" />
  <action id="GuiDesigner.EditComponent" />
  <action id="GuiDesigner.EditGroup" />
  <action id="MethodHierarchy.OverrideMethodAction" />
  <action id="Move" />
  <action id="NewScratchFile">
    <keyboard-shortcut first-keystroke="ctrl n" />
  </action>
  <action id="NextSplitter">
    <keyboard-shortcut first-keystroke="ctrl alt right" />
  </action>
  <action id="OptimizeImports">
    <keyboard-shortcut first-keystroke="ctrl o" />
  </action>
  <action id="OverrideMethods" />
  <action id="PrevSplitter">
    <keyboard-shortcut first-keystroke="ctrl alt left" />
  </action>
  <action id="QuickJavaDoc">
    <mouse-shortcut keystroke="alt button2" />
  </action>
  <action id="ReformatCode">
    <keyboard-shortcut first-keystroke="alt f" />
  </action>
  <action id="ReformatWithPrettierAction">
    <keyboard-shortcut first-keystroke="alt p" />
  </action>
  <action id="RenameElement">
    <keyboard-shortcut first-keystroke="alt r" />
  </action>
  <action id="SearchEverywhere.NavigateToNextGroup">
    <keyboard-shortcut first-keystroke="ctrl down" />
  </action>
  <action id="SearchEverywhere.NavigateToPrevGroup">
    <keyboard-shortcut first-keystroke="ctrl up" />
  </action>
  <action id="SelectInProjectView">
    <keyboard-shortcut first-keystroke="shift alt 1" />
  </action>
  <action id="ShelvedChanges.Rename">
    <keyboard-shortcut first-keystroke="shift f6" />
  </action>
  <action id="ShowColorPicker">
    <keyboard-shortcut first-keystroke="f10" />
  </action>
  <action id="ShowPopupMenu">
    <keyboard-shortcut first-keystroke="context_menu" />
    <keyboard-shortcut first-keystroke="insert" />
  </action>
  <action id="ShowReformatFileDialog" />
  <action id="ShowSettings">
    <keyboard-shortcut first-keystroke="ctrl alt s" />
    <keyboard-shortcut first-keystroke="f1" />
  </action>
  <action id="SplitVertically">
    <keyboard-shortcut first-keystroke="alt w" />
  </action>
  <action id="SwitchApply">
    <keyboard-shortcut first-keystroke="shift alt enter" />
  </action>
  <action id="SwitchDown">
    <keyboard-shortcut first-keystroke="shift alt down" />
  </action>
  <action id="SwitchLeft">
    <keyboard-shortcut first-keystroke="shift alt left" />
  </action>
  <action id="SwitchRight">
    <keyboard-shortcut first-keystroke="shift alt right" />
  </action>
  <action id="SwitchUp">
    <keyboard-shortcut first-keystroke="shift alt up" />
  </action>
  <action id="Switcher">
    <keyboard-shortcut first-keystroke="ctrl tab" />
  </action>
  <action id="Terminal.MoveToEditor">
    <keyboard-shortcut first-keystroke="f6" />
  </action>
  <action id="ToggleBookmark">
    <keyboard-shortcut first-keystroke="alt b" />
  </action>
  <action id="Unwrap">
    <keyboard-shortcut first-keystroke="alt g" />
  </action>
  <action id="UsageView.Include" />
  <action id="Vcs.Log.FocusTextFilter" />
  <action id="Vcs.RollbackChangedLines" />
  <action id="XDebugger.EditWatch" />
  <action id="XDebugger.NewWatch" />
  <action id="XDebugger.SetValue" />
</keymap>