<application>
  <component name="libraryTable">
    <library name="Python 2.7 (project1) interpreter library">
      <CLASSES>
        <root url="file://C:/Projects/lds/project1/venv/Lib" />
        <root url="file://C:/Projects/lds/project1/venv/Scripts" />
        <root url="file://$USER_HOME$/anaconda3/envs/py27/Lib" />
        <root url="file://$USER_HOME$/anaconda3/envs/py27/DLLs" />
        <root url="file://$USER_HOME$/anaconda3/envs/py27/Lib/lib-tk" />
        <root url="file://C:/Projects/lds/project1/venv" />
        <root url="file://C:/Projects/lds/project1/venv/Lib/site-packages" />
        <root url="file://$USER_HOME$/AppData/Local/JetBrains/IntelliJIdea2020.2/python_stubs/72006457" />
        <root url="file://$APPLICATION_PLUGINS_DIR$/python/helpers/python-skeletons" />
        <root url="file://$APPLICATION_PLUGINS_DIR$/python/helpers/typeshed/stdlib/2" />
        <root url="file://$APPLICATION_PLUGINS_DIR$/python/helpers/typeshed/stdlib/2and3" />
        <root url="file://$APPLICATION_PLUGINS_DIR$/python/helpers/typeshed/third_party/2" />
        <root url="file://$APPLICATION_PLUGINS_DIR$/python/helpers/typeshed/third_party/2and3" />
      </CLASSES>
      <JAVADOC />
      <SOURCES>
        <root url="file://C:/Projects/lds/project1/venv/Lib" />
        <root url="file://C:/Projects/lds/project1/venv/Scripts" />
        <root url="file://$USER_HOME$/anaconda3/envs/py27/Lib" />
        <root url="file://$USER_HOME$/anaconda3/envs/py27/DLLs" />
        <root url="file://$USER_HOME$/anaconda3/envs/py27/Lib/lib-tk" />
        <root url="file://C:/Projects/lds/project1/venv" />
        <root url="file://C:/Projects/lds/project1/venv/Lib/site-packages" />
        <root url="file://$USER_HOME$/AppData/Local/JetBrains/IntelliJIdea2020.2/python_stubs/72006457" />
        <root url="file://$APPLICATION_PLUGINS_DIR$/python/helpers/python-skeletons" />
        <root url="file://$APPLICATION_PLUGINS_DIR$/python/helpers/typeshed/stdlib/2" />
        <root url="file://$APPLICATION_PLUGINS_DIR$/python/helpers/typeshed/stdlib/2and3" />
        <root url="file://$APPLICATION_PLUGINS_DIR$/python/helpers/typeshed/third_party/2" />
        <root url="file://$APPLICATION_PLUGINS_DIR$/python/helpers/typeshed/third_party/2and3" />
      </SOURCES>
    </library>
    <library name="Python 3.8 interpreter library">
      <CLASSES />
      <JAVADOC />
      <SOURCES />
    </library>
    <library name="Python 3.9 interpreter library">
      <CLASSES />
      <JAVADOC />
      <SOURCES />
    </library>
    <library name="scala-sdk-2.13.3" type="Scala">
      <properties>
        <language-level>Scala_2_13</language-level>
        <compiler-classpath>
          <root url="file://$USER_HOME$/.ivy2/cache/org.scala-lang/scala-compiler/jars/scala-compiler-2.13.3.jar" />
          <root url="file://$USER_HOME$/.ivy2/cache/org.scala-lang/scala-library/jars/scala-library-2.13.3.jar" />
          <root url="file://$USER_HOME$/.ivy2/cache/org.scala-lang/scala-reflect/jars/scala-reflect-2.13.3.jar" />
        </compiler-classpath>
      </properties>
      <CLASSES>
        <root url="jar://$USER_HOME$/.ivy2/cache/org.scala-lang/scala-library/jars/scala-library-2.13.3.jar!/" />
        <root url="jar://$USER_HOME$/.ivy2/cache/org.scala-lang/scala-reflect/jars/scala-reflect-2.13.3.jar!/" />
        <root url="jar://$USER_HOME$/.ivy2/cache/org.scala-lang/scala-library/srcs/scala-library-2.13.3-sources.jar!/" />
      </CLASSES>
      <JAVADOC />
      <SOURCES />
    </library>
  </component>
</application>