<application>
  <component name="BaseRefactoringSettings">
    <option name="SAFE_DELETE_WHEN_DELETE" value="false" />
    <option name="SAFE_DELETE_SEARCH_IN_COMMENTS" value="false" />
    <option name="SAFE_DELETE_SEARCH_IN_NON_JAVA" value="false" />
    <option name="RENAME_SEARCH_IN_COMMENTS_FOR_FILE" value="false" />
    <option name="RENAME_SEARCH_FOR_TEXT_FOR_FILE" value="false" />
  </component>
  <component name="RefactoringSettings">
    <option name="MOVE_SEARCH_IN_COMMENTS" value="false" />
    <option name="TYPE_COOK_EXHAUSTIVE" value="true" />
    <option name="TYPE_COOK_COOK_OBJECTS" value="true" />
    <option name="TYPE_COOK_PRODUCE_WILDCARDS" value="true" />
  </component>
</application>