<application>
  <component name="CodeInsightSettings">
    <option name="PARAMETER_INFO_DELAY" value="50" />
  </component>
  <component name="DefaultFont">
    <option name="FONT_FAMILY" value="Fira Code" />
  </component>
  <component name="EditorSettings">
    <option name="USE_SOFT_WRAPS" value="PREVIEW" />
    <option name="IS_ENSURE_NEWLINE_AT_EOF" value="true" />
  </component>
  <component name="InlayHintsSettings">
    <option name="disabledHintProviderIds">
      <set>
        <option value="JavaScript.js.type.hints" />
      </set>
    </option>
    <option name="lastViewedProviderKeyId" value="parameter.hints.old" />
    <settingsMapElement>
      <TypeScript.ts.type.hints>
        <Settings>
          <option name="showForShorthandFunctions" value="true" />
        </Settings>
      </TypeScript.ts.type.hints>
    </settingsMapElement>
  </component>
</application>