<application>
  <component name="FeatureSuggesterSettings">
    <option name="workingDays">
      <list>
        <option value="1650877613342" />
        <option value="1650958242522" />
        <option value="1651043397621" />
        <option value="1651133603243" />
        <option value="1651218414490" />
        <option value="1651647560591" />
        <option value="1651735546943" />
        <option value="1651819336487" />
        <option value="1653054922441" />
        <option value="1653216388550" />
        <option value="1653287839787" />
        <option value="1653369368253" />
        <option value="1653455824045" />
        <option value="1653543415664" />
        <option value="1653628004990" />
        <option value="1653716122578" />
        <option value="1653892623126" />
        <option value="1653981694772" />
        <option value="1654065690147" />
        <option value="1654154104063" />
      </list>
    </option>
  </component>
</application>