<application>
  <component name="FileTypeManager" version="17">
    <ignoreFiles list="*.hprof;*.pyc;*.pyo;*.rbc;*~;.DS_Store;.git;.hg;.svn;CVS;RCS;SCCS;__pycache__;_svn;rcs;" />
    <extensionMap>
      <mapping pattern="Data" type="JavaScript" />
      <mapping ext="php" type="PHP" />
      <mapping pattern="DockerfileLocal" type="PLAIN_TEXT" />
      <mapping pattern="queryDbData.php" type="PLAIN_TEXT" />
      <mapping pattern="records.ts" type="PLAIN_TEXT" />
      <mapping pattern=".dockerignore" type="PLAIN_TEXT" />
      <mapping pattern="order-control-helper" type="PLAIN_TEXT" />
      <mapping pattern=".prettierignore" type="PLAIN_TEXT" />
      <mapping pattern=".gitattributes" type="PLAIN_TEXT" />
      <mapping pattern="DockerfileTest" type="PLAIN_TEXT" />
      <mapping pattern="_modal.scs" type="PLAIN_TEXT" />
      <mapping pattern="_global.scss" type="PLAIN_TEXT" />
      <mapping pattern="Dockerfile2" type="PLAIN_TEXT" />
      <mapping pattern="Transcript" type="PLAIN_TEXT" />
      <mapping ext="env" type="PLAIN_TEXT" />
    </extensionMap>
  </component>
</application>