<application>
  <component name="FileTypeManager" version="18">
    <ignoreFiles list="*.pyc;*.pyo;*.rbc;*~;.DS_Store;.git;.hg;.svn;CVS;RCS;SCCS;__pycache__;_svn;rcs" />
    <extensionMap>
      <mapping pattern="fixture" type="AUTO_DETECTED" />
      <mapping pattern="cw_004" type="AUTO_DETECTED" />
      <mapping pattern="Data" type="JavaScript" />
      <mapping ext="php" type="PHP" />
      <mapping pattern=".gitattributes" type="PLAIN_TEXT" />
      <mapping pattern="queryDbData.php" type="PLAIN_TEXT" />
      <mapping pattern=".gitmessage" type="PLAIN_TEXT" />
      <mapping pattern=".env.local" type="PLAIN_TEXT" />
      <mapping pattern="Dockerfile2" type="PLAIN_TEXT" />
      <mapping pattern=".npmrc" type="PLAIN_TEXT" />
      <mapping pattern=".env.production" type="PLAIN_TEXT" />
      <mapping pattern="apple-app-site-association" type="PLAIN_TEXT" />
      <mapping pattern="DockerfileLocal" type="PLAIN_TEXT" />
      <mapping pattern="_global.scss" type="PLAIN_TEXT" />
      <mapping pattern=".nxignore" type="PLAIN_TEXT" />
      <mapping pattern="order-control-helper" type="PLAIN_TEXT" />
      <mapping pattern=".sentryclirc" type="PLAIN_TEXT" />
      <mapping pattern="Transcript" type="PLAIN_TEXT" />
      <mapping pattern="n-queens" type="PLAIN_TEXT" />
      <mapping pattern="_modal.scs" type="PLAIN_TEXT" />
      <mapping pattern="DockerfileTest" type="PLAIN_TEXT" />
      <mapping pattern="records.ts" type="PLAIN_TEXT" />
      <mapping ext="env" type="PLAIN_TEXT" />
      <mapping ext="schema" type="PLAIN_TEXT" />
      <mapping ext="y4m" type="PLAIN_TEXT" />
      <mapping ext="manifest" type="PLAIN_TEXT" />
      <mapping ext="scs" type="PLAIN_TEXT" />
      <mapping ext="crt" type="PLAIN_TEXT" />
      <mapping ext="key" type="PLAIN_TEXT" />
      <mapping ext="tgs" type="PLAIN_TEXT" />
      <mapping ext="ser" type="PLAIN_TEXT" />
      <mapping ext="babylon" type="PLAIN_TEXT" />
      <mapping ext="its" type="TypeScript" />
      <removed_mapping ext="apk" approved="true" type="ARCHIVE" />
      <removed_mapping ext="bat" approved="true" type="Batch" />
      <removed_mapping ext="cmd" approved="true" type="Batch" />
      <removed_mapping ext="env" approved="true" type=".env file" />
      <removed_mapping ext="ignore" approved="true" type="IgnoreLang file" />
      <removed_mapping ext="psd" approved="true" type="Image" />
      <removed_mapping ext="qrc" approved="true" type="XML" />
      <removed_mapping pattern=".prettierrc" approved="true" type="JSON" />
      <mapping ext="gradle.kts" type="Kotlin" />
      <mapping ext="main.kts" type="Kotlin" />
      <mapping ext="php" type="PHP" />
      <mapping ext="space.kts" type="Kotlin" />
    </extensionMap>
  </component>
</application>