<application>
  <component name="FindSettings">
    <option name="customScope" value="All Places" />
    <option name="defaultScopeName" value="All Places" />
    <option name="localRegularExpressions" value="true" />
    <option name="LOCAL_REGULAR_EXPRESSIONS" value="true" />
    <option name="SEARCH_SCOPE" value="All Places" />
    <mask>*.properties</mask>
    <mask>*.jsp</mask>
    <mask>*.xml</mask>
    <mask>*.as</mask>
    <mask>*.css</mask>
    <mask>*.mxml</mask>
    <mask>g</mask>
    <mask>*.java</mask>
    <mask>*.js</mask>
    <mask>.ts</mask>
    <mask>.html</mask>
    <mask>*.stories.ts</mask>
    <mask>*.json</mask>
    <mask>*.ts</mask>
    <mask>*.spec.ts</mask>
    <mask>*.scss</mask>
    <mask>*.html</mask>
  </component>
</application>