<application>
  <component name="GeneralSettings">
    <option name="confirmExit" value="false" />
    <option name="searchInBackground" value="true" />
    <option name="showTipsOnStartup" value="false" />
  </component>
  <component name="Registry">
    <entry key="dumb.aware.run.configurations" value="true" />
    <entry key="async.project.view.collapse.tree.path.recursively" value="false" />
    <entry key="scala.erase.compiler.process.jdk.once" value="false" />
    <entry key="ide.tree.collapse.recursively" value="false" />
  </component>
  <component name="StatusBar">
    <option name="widgets">
      <map>
        <entry key="ReadOnlyAttribute" value="false" />
      </map>
    </option>
  </component>
</application>