<application>
  <component name="ProjectJdkTable">
    <jdk version="2">
      <name value="14" />
      <type value="JavaSDK" />
      <version value="version 14.0.2" />
      <homePath value="C:\Program Files (x86)\Java\jdk-14.0.2" />
      <roots>
        <annotationsPath>
          <root type="composite">
            <root url="jar://$APPLICATION_HOME_DIR$/plugins/java/lib/jdkAnnotations.jar!/" type="simple" />
          </root>
        </annotationsPath>
        <classPath>
          <root type="composite">
            <root url="jrt://C:/Program Files (x86)/Java/jdk-14.0.2!/java.base" type="simple" />
            <root url="jrt://C:/Program Files (x86)/Java/jdk-14.0.2!/java.compiler" type="simple" />
            <root url="jrt://C:/Program Files (x86)/Java/jdk-14.0.2!/java.datatransfer" type="simple" />
            <root url="jrt://C:/Program Files (x86)/Java/jdk-14.0.2!/java.desktop" type="simple" />
            <root url="jrt://C:/Program Files (x86)/Java/jdk-14.0.2!/java.instrument" type="simple" />
            <root url="jrt://C:/Program Files (x86)/Java/jdk-14.0.2!/java.logging" type="simple" />
            <root url="jrt://C:/Program Files (x86)/Java/jdk-14.0.2!/java.management" type="simple" />
            <root url="jrt://C:/Program Files (x86)/Java/jdk-14.0.2!/java.management.rmi" type="simple" />
            <root url="jrt://C:/Program Files (x86)/Java/jdk-14.0.2!/java.naming" type="simple" />
            <root url="jrt://C:/Program Files (x86)/Java/jdk-14.0.2!/java.net.http" type="simple" />
            <root url="jrt://C:/Program Files (x86)/Java/jdk-14.0.2!/java.prefs" type="simple" />
            <root url="jrt://C:/Program Files (x86)/Java/jdk-14.0.2!/java.rmi" type="simple" />
            <root url="jrt://C:/Program Files (x86)/Java/jdk-14.0.2!/java.scripting" type="simple" />
            <root url="jrt://C:/Program Files (x86)/Java/jdk-14.0.2!/java.se" type="simple" />
            <root url="jrt://C:/Program Files (x86)/Java/jdk-14.0.2!/java.security.jgss" type="simple" />
            <root url="jrt://C:/Program Files (x86)/Java/jdk-14.0.2!/java.security.sasl" type="simple" />
            <root url="jrt://C:/Program Files (x86)/Java/jdk-14.0.2!/java.smartcardio" type="simple" />
            <root url="jrt://C:/Program Files (x86)/Java/jdk-14.0.2!/java.sql" type="simple" />
            <root url="jrt://C:/Program Files (x86)/Java/jdk-14.0.2!/java.sql.rowset" type="simple" />
            <root url="jrt://C:/Program Files (x86)/Java/jdk-14.0.2!/java.transaction.xa" type="simple" />
            <root url="jrt://C:/Program Files (x86)/Java/jdk-14.0.2!/java.xml" type="simple" />
            <root url="jrt://C:/Program Files (x86)/Java/jdk-14.0.2!/java.xml.crypto" type="simple" />
            <root url="jrt://C:/Program Files (x86)/Java/jdk-14.0.2!/jdk.accessibility" type="simple" />
            <root url="jrt://C:/Program Files (x86)/Java/jdk-14.0.2!/jdk.aot" type="simple" />
            <root url="jrt://C:/Program Files (x86)/Java/jdk-14.0.2!/jdk.attach" type="simple" />
            <root url="jrt://C:/Program Files (x86)/Java/jdk-14.0.2!/jdk.charsets" type="simple" />
            <root url="jrt://C:/Program Files (x86)/Java/jdk-14.0.2!/jdk.compiler" type="simple" />
            <root url="jrt://C:/Program Files (x86)/Java/jdk-14.0.2!/jdk.crypto.cryptoki" type="simple" />
            <root url="jrt://C:/Program Files (x86)/Java/jdk-14.0.2!/jdk.crypto.ec" type="simple" />
            <root url="jrt://C:/Program Files (x86)/Java/jdk-14.0.2!/jdk.crypto.mscapi" type="simple" />
            <root url="jrt://C:/Program Files (x86)/Java/jdk-14.0.2!/jdk.dynalink" type="simple" />
            <root url="jrt://C:/Program Files (x86)/Java/jdk-14.0.2!/jdk.editpad" type="simple" />
            <root url="jrt://C:/Program Files (x86)/Java/jdk-14.0.2!/jdk.hotspot.agent" type="simple" />
            <root url="jrt://C:/Program Files (x86)/Java/jdk-14.0.2!/jdk.httpserver" type="simple" />
            <root url="jrt://C:/Program Files (x86)/Java/jdk-14.0.2!/jdk.incubator.foreign" type="simple" />
            <root url="jrt://C:/Program Files (x86)/Java/jdk-14.0.2!/jdk.incubator.jpackage" type="simple" />
            <root url="jrt://C:/Program Files (x86)/Java/jdk-14.0.2!/jdk.internal.ed" type="simple" />
            <root url="jrt://C:/Program Files (x86)/Java/jdk-14.0.2!/jdk.internal.jvmstat" type="simple" />
            <root url="jrt://C:/Program Files (x86)/Java/jdk-14.0.2!/jdk.internal.le" type="simple" />
            <root url="jrt://C:/Program Files (x86)/Java/jdk-14.0.2!/jdk.internal.opt" type="simple" />
            <root url="jrt://C:/Program Files (x86)/Java/jdk-14.0.2!/jdk.internal.vm.ci" type="simple" />
            <root url="jrt://C:/Program Files (x86)/Java/jdk-14.0.2!/jdk.internal.vm.compiler" type="simple" />
            <root url="jrt://C:/Program Files (x86)/Java/jdk-14.0.2!/jdk.internal.vm.compiler.management" type="simple" />
            <root url="jrt://C:/Program Files (x86)/Java/jdk-14.0.2!/jdk.jartool" type="simple" />
            <root url="jrt://C:/Program Files (x86)/Java/jdk-14.0.2!/jdk.javadoc" type="simple" />
            <root url="jrt://C:/Program Files (x86)/Java/jdk-14.0.2!/jdk.jcmd" type="simple" />
            <root url="jrt://C:/Program Files (x86)/Java/jdk-14.0.2!/jdk.jconsole" type="simple" />
            <root url="jrt://C:/Program Files (x86)/Java/jdk-14.0.2!/jdk.jdeps" type="simple" />
            <root url="jrt://C:/Program Files (x86)/Java/jdk-14.0.2!/jdk.jdi" type="simple" />
            <root url="jrt://C:/Program Files (x86)/Java/jdk-14.0.2!/jdk.jdwp.agent" type="simple" />
            <root url="jrt://C:/Program Files (x86)/Java/jdk-14.0.2!/jdk.jfr" type="simple" />
            <root url="jrt://C:/Program Files (x86)/Java/jdk-14.0.2!/jdk.jlink" type="simple" />
            <root url="jrt://C:/Program Files (x86)/Java/jdk-14.0.2!/jdk.jshell" type="simple" />
            <root url="jrt://C:/Program Files (x86)/Java/jdk-14.0.2!/jdk.jsobject" type="simple" />
            <root url="jrt://C:/Program Files (x86)/Java/jdk-14.0.2!/jdk.jstatd" type="simple" />
            <root url="jrt://C:/Program Files (x86)/Java/jdk-14.0.2!/jdk.localedata" type="simple" />
            <root url="jrt://C:/Program Files (x86)/Java/jdk-14.0.2!/jdk.management" type="simple" />
            <root url="jrt://C:/Program Files (x86)/Java/jdk-14.0.2!/jdk.management.agent" type="simple" />
            <root url="jrt://C:/Program Files (x86)/Java/jdk-14.0.2!/jdk.management.jfr" type="simple" />
            <root url="jrt://C:/Program Files (x86)/Java/jdk-14.0.2!/jdk.naming.dns" type="simple" />
            <root url="jrt://C:/Program Files (x86)/Java/jdk-14.0.2!/jdk.naming.rmi" type="simple" />
            <root url="jrt://C:/Program Files (x86)/Java/jdk-14.0.2!/jdk.net" type="simple" />
            <root url="jrt://C:/Program Files (x86)/Java/jdk-14.0.2!/jdk.nio.mapmode" type="simple" />
            <root url="jrt://C:/Program Files (x86)/Java/jdk-14.0.2!/jdk.rmic" type="simple" />
            <root url="jrt://C:/Program Files (x86)/Java/jdk-14.0.2!/jdk.scripting.nashorn" type="simple" />
            <root url="jrt://C:/Program Files (x86)/Java/jdk-14.0.2!/jdk.scripting.nashorn.shell" type="simple" />
            <root url="jrt://C:/Program Files (x86)/Java/jdk-14.0.2!/jdk.sctp" type="simple" />
            <root url="jrt://C:/Program Files (x86)/Java/jdk-14.0.2!/jdk.security.auth" type="simple" />
            <root url="jrt://C:/Program Files (x86)/Java/jdk-14.0.2!/jdk.security.jgss" type="simple" />
            <root url="jrt://C:/Program Files (x86)/Java/jdk-14.0.2!/jdk.unsupported" type="simple" />
            <root url="jrt://C:/Program Files (x86)/Java/jdk-14.0.2!/jdk.unsupported.desktop" type="simple" />
            <root url="jrt://C:/Program Files (x86)/Java/jdk-14.0.2!/jdk.xml.dom" type="simple" />
            <root url="jrt://C:/Program Files (x86)/Java/jdk-14.0.2!/jdk.zipfs" type="simple" />
          </root>
        </classPath>
        <javadocPath>
          <root type="composite" />
        </javadocPath>
        <sourcePath>
          <root type="composite">
            <root url="jar://C:/Program Files (x86)/Java/jdk-14.0.2/lib/src.zip!/java.se" type="simple" />
            <root url="jar://C:/Program Files (x86)/Java/jdk-14.0.2/lib/src.zip!/jdk.aot" type="simple" />
            <root url="jar://C:/Program Files (x86)/Java/jdk-14.0.2/lib/src.zip!/jdk.jdi" type="simple" />
            <root url="jar://C:/Program Files (x86)/Java/jdk-14.0.2/lib/src.zip!/jdk.jfr" type="simple" />
            <root url="jar://C:/Program Files (x86)/Java/jdk-14.0.2/lib/src.zip!/jdk.net" type="simple" />
            <root url="jar://C:/Program Files (x86)/Java/jdk-14.0.2/lib/src.zip!/java.rmi" type="simple" />
            <root url="jar://C:/Program Files (x86)/Java/jdk-14.0.2/lib/src.zip!/java.sql" type="simple" />
            <root url="jar://C:/Program Files (x86)/Java/jdk-14.0.2/lib/src.zip!/java.xml" type="simple" />
            <root url="jar://C:/Program Files (x86)/Java/jdk-14.0.2/lib/src.zip!/jdk.jcmd" type="simple" />
            <root url="jar://C:/Program Files (x86)/Java/jdk-14.0.2/lib/src.zip!/jdk.rmic" type="simple" />
            <root url="jar://C:/Program Files (x86)/Java/jdk-14.0.2/lib/src.zip!/jdk.sctp" type="simple" />
            <root url="jar://C:/Program Files (x86)/Java/jdk-14.0.2/lib/src.zip!/java.base" type="simple" />
            <root url="jar://C:/Program Files (x86)/Java/jdk-14.0.2/lib/src.zip!/jdk.jdeps" type="simple" />
            <root url="jar://C:/Program Files (x86)/Java/jdk-14.0.2/lib/src.zip!/jdk.jlink" type="simple" />
            <root url="jar://C:/Program Files (x86)/Java/jdk-14.0.2/lib/src.zip!/jdk.zipfs" type="simple" />
            <root url="jar://C:/Program Files (x86)/Java/jdk-14.0.2/lib/src.zip!/java.prefs" type="simple" />
            <root url="jar://C:/Program Files (x86)/Java/jdk-14.0.2/lib/src.zip!/jdk.attach" type="simple" />
            <root url="jar://C:/Program Files (x86)/Java/jdk-14.0.2/lib/src.zip!/jdk.jshell" type="simple" />
            <root url="jar://C:/Program Files (x86)/Java/jdk-14.0.2/lib/src.zip!/jdk.jstatd" type="simple" />
            <root url="jar://C:/Program Files (x86)/Java/jdk-14.0.2/lib/src.zip!/java.naming" type="simple" />
            <root url="jar://C:/Program Files (x86)/Java/jdk-14.0.2/lib/src.zip!/jdk.editpad" type="simple" />
            <root url="jar://C:/Program Files (x86)/Java/jdk-14.0.2/lib/src.zip!/jdk.jartool" type="simple" />
            <root url="jar://C:/Program Files (x86)/Java/jdk-14.0.2/lib/src.zip!/jdk.javadoc" type="simple" />
            <root url="jar://C:/Program Files (x86)/Java/jdk-14.0.2/lib/src.zip!/jdk.xml.dom" type="simple" />
            <root url="jar://C:/Program Files (x86)/Java/jdk-14.0.2/lib/src.zip!/java.desktop" type="simple" />
            <root url="jar://C:/Program Files (x86)/Java/jdk-14.0.2/lib/src.zip!/java.logging" type="simple" />
            <root url="jar://C:/Program Files (x86)/Java/jdk-14.0.2/lib/src.zip!/jdk.charsets" type="simple" />
            <root url="jar://C:/Program Files (x86)/Java/jdk-14.0.2/lib/src.zip!/jdk.compiler" type="simple" />
            <root url="jar://C:/Program Files (x86)/Java/jdk-14.0.2/lib/src.zip!/jdk.dynalink" type="simple" />
            <root url="jar://C:/Program Files (x86)/Java/jdk-14.0.2/lib/src.zip!/jdk.jconsole" type="simple" />
            <root url="jar://C:/Program Files (x86)/Java/jdk-14.0.2/lib/src.zip!/jdk.jsobject" type="simple" />
            <root url="jar://C:/Program Files (x86)/Java/jdk-14.0.2/lib/src.zip!/java.compiler" type="simple" />
            <root url="jar://C:/Program Files (x86)/Java/jdk-14.0.2/lib/src.zip!/java.net.http" type="simple" />
            <root url="jar://C:/Program Files (x86)/Java/jdk-14.0.2/lib/src.zip!/jdk.crypto.ec" type="simple" />
            <root url="jar://C:/Program Files (x86)/Java/jdk-14.0.2/lib/src.zip!/java.scripting" type="simple" />
            <root url="jar://C:/Program Files (x86)/Java/jdk-14.0.2/lib/src.zip!/jdk.httpserver" type="simple" />
            <root url="jar://C:/Program Files (x86)/Java/jdk-14.0.2/lib/src.zip!/jdk.jdwp.agent" type="simple" />
            <root url="jar://C:/Program Files (x86)/Java/jdk-14.0.2/lib/src.zip!/jdk.localedata" type="simple" />
            <root url="jar://C:/Program Files (x86)/Java/jdk-14.0.2/lib/src.zip!/jdk.management" type="simple" />
            <root url="jar://C:/Program Files (x86)/Java/jdk-14.0.2/lib/src.zip!/jdk.naming.dns" type="simple" />
            <root url="jar://C:/Program Files (x86)/Java/jdk-14.0.2/lib/src.zip!/jdk.naming.rmi" type="simple" />
            <root url="jar://C:/Program Files (x86)/Java/jdk-14.0.2/lib/src.zip!/java.instrument" type="simple" />
            <root url="jar://C:/Program Files (x86)/Java/jdk-14.0.2/lib/src.zip!/java.management" type="simple" />
            <root url="jar://C:/Program Files (x86)/Java/jdk-14.0.2/lib/src.zip!/java.sql.rowset" type="simple" />
            <root url="jar://C:/Program Files (x86)/Java/jdk-14.0.2/lib/src.zip!/java.xml.crypto" type="simple" />
            <root url="jar://C:/Program Files (x86)/Java/jdk-14.0.2/lib/src.zip!/jdk.internal.ed" type="simple" />
            <root url="jar://C:/Program Files (x86)/Java/jdk-14.0.2/lib/src.zip!/jdk.internal.le" type="simple" />
            <root url="jar://C:/Program Files (x86)/Java/jdk-14.0.2/lib/src.zip!/jdk.nio.mapmode" type="simple" />
            <root url="jar://C:/Program Files (x86)/Java/jdk-14.0.2/lib/src.zip!/jdk.unsupported" type="simple" />
            <root url="jar://C:/Program Files (x86)/Java/jdk-14.0.2/lib/src.zip!/java.smartcardio" type="simple" />
            <root url="jar://C:/Program Files (x86)/Java/jdk-14.0.2/lib/src.zip!/jdk.internal.opt" type="simple" />
            <root url="jar://C:/Program Files (x86)/Java/jdk-14.0.2/lib/src.zip!/java.datatransfer" type="simple" />
            <root url="jar://C:/Program Files (x86)/Java/jdk-14.0.2/lib/src.zip!/jdk.accessibility" type="simple" />
            <root url="jar://C:/Program Files (x86)/Java/jdk-14.0.2/lib/src.zip!/jdk.crypto.mscapi" type="simple" />
            <root url="jar://C:/Program Files (x86)/Java/jdk-14.0.2/lib/src.zip!/jdk.hotspot.agent" type="simple" />
            <root url="jar://C:/Program Files (x86)/Java/jdk-14.0.2/lib/src.zip!/jdk.security.auth" type="simple" />
            <root url="jar://C:/Program Files (x86)/Java/jdk-14.0.2/lib/src.zip!/jdk.security.jgss" type="simple" />
            <root url="jar://C:/Program Files (x86)/Java/jdk-14.0.2/lib/src.zip!/java.security.jgss" type="simple" />
            <root url="jar://C:/Program Files (x86)/Java/jdk-14.0.2/lib/src.zip!/java.security.sasl" type="simple" />
            <root url="jar://C:/Program Files (x86)/Java/jdk-14.0.2/lib/src.zip!/jdk.internal.vm.ci" type="simple" />
            <root url="jar://C:/Program Files (x86)/Java/jdk-14.0.2/lib/src.zip!/jdk.management.jfr" type="simple" />
            <root url="jar://C:/Program Files (x86)/Java/jdk-14.0.2/lib/src.zip!/java.management.rmi" type="simple" />
            <root url="jar://C:/Program Files (x86)/Java/jdk-14.0.2/lib/src.zip!/java.transaction.xa" type="simple" />
            <root url="jar://C:/Program Files (x86)/Java/jdk-14.0.2/lib/src.zip!/jdk.crypto.cryptoki" type="simple" />
            <root url="jar://C:/Program Files (x86)/Java/jdk-14.0.2/lib/src.zip!/jdk.internal.jvmstat" type="simple" />
            <root url="jar://C:/Program Files (x86)/Java/jdk-14.0.2/lib/src.zip!/jdk.management.agent" type="simple" />
            <root url="jar://C:/Program Files (x86)/Java/jdk-14.0.2/lib/src.zip!/jdk.incubator.foreign" type="simple" />
            <root url="jar://C:/Program Files (x86)/Java/jdk-14.0.2/lib/src.zip!/jdk.scripting.nashorn" type="simple" />
            <root url="jar://C:/Program Files (x86)/Java/jdk-14.0.2/lib/src.zip!/jdk.incubator.jpackage" type="simple" />
            <root url="jar://C:/Program Files (x86)/Java/jdk-14.0.2/lib/src.zip!/jdk.unsupported.desktop" type="simple" />
            <root url="jar://C:/Program Files (x86)/Java/jdk-14.0.2/lib/src.zip!/jdk.internal.vm.compiler" type="simple" />
            <root url="jar://C:/Program Files (x86)/Java/jdk-14.0.2/lib/src.zip!/jdk.scripting.nashorn.shell" type="simple" />
            <root url="jar://C:/Program Files (x86)/Java/jdk-14.0.2/lib/src.zip!/jdk.internal.vm.compiler.management" type="simple" />
          </root>
        </sourcePath>
      </roots>
      <additional />
    </jdk>
    <jdk version="2">
      <name value="corretto-11" />
      <type value="JavaSDK" />
      <version value="java version &quot;11.0.8&quot;" />
      <homePath value="$USER_HOME$/.jdks/corretto-11.0.8" />
      <roots>
        <annotationsPath>
          <root type="composite">
            <root url="jar://$APPLICATION_HOME_DIR$/plugins/java/lib/jdkAnnotations.jar!/" type="simple" />
          </root>
        </annotationsPath>
        <classPath>
          <root type="composite">
            <root url="jrt://C:/Users/pawel/.jdks/corretto-11.0.8!/java.base" type="simple" />
            <root url="jrt://C:/Users/pawel/.jdks/corretto-11.0.8!/java.compiler" type="simple" />
            <root url="jrt://C:/Users/pawel/.jdks/corretto-11.0.8!/java.datatransfer" type="simple" />
            <root url="jrt://C:/Users/pawel/.jdks/corretto-11.0.8!/java.desktop" type="simple" />
            <root url="jrt://C:/Users/pawel/.jdks/corretto-11.0.8!/java.instrument" type="simple" />
            <root url="jrt://C:/Users/pawel/.jdks/corretto-11.0.8!/java.logging" type="simple" />
            <root url="jrt://C:/Users/pawel/.jdks/corretto-11.0.8!/java.management" type="simple" />
            <root url="jrt://C:/Users/pawel/.jdks/corretto-11.0.8!/java.management.rmi" type="simple" />
            <root url="jrt://C:/Users/pawel/.jdks/corretto-11.0.8!/java.naming" type="simple" />
            <root url="jrt://C:/Users/pawel/.jdks/corretto-11.0.8!/java.net.http" type="simple" />
            <root url="jrt://C:/Users/pawel/.jdks/corretto-11.0.8!/java.prefs" type="simple" />
            <root url="jrt://C:/Users/pawel/.jdks/corretto-11.0.8!/java.rmi" type="simple" />
            <root url="jrt://C:/Users/pawel/.jdks/corretto-11.0.8!/java.scripting" type="simple" />
            <root url="jrt://C:/Users/pawel/.jdks/corretto-11.0.8!/java.se" type="simple" />
            <root url="jrt://C:/Users/pawel/.jdks/corretto-11.0.8!/java.security.jgss" type="simple" />
            <root url="jrt://C:/Users/pawel/.jdks/corretto-11.0.8!/java.security.sasl" type="simple" />
            <root url="jrt://C:/Users/pawel/.jdks/corretto-11.0.8!/java.smartcardio" type="simple" />
            <root url="jrt://C:/Users/pawel/.jdks/corretto-11.0.8!/java.sql" type="simple" />
            <root url="jrt://C:/Users/pawel/.jdks/corretto-11.0.8!/java.sql.rowset" type="simple" />
            <root url="jrt://C:/Users/pawel/.jdks/corretto-11.0.8!/java.transaction.xa" type="simple" />
            <root url="jrt://C:/Users/pawel/.jdks/corretto-11.0.8!/java.xml" type="simple" />
            <root url="jrt://C:/Users/pawel/.jdks/corretto-11.0.8!/java.xml.crypto" type="simple" />
            <root url="jrt://C:/Users/pawel/.jdks/corretto-11.0.8!/jdk.accessibility" type="simple" />
            <root url="jrt://C:/Users/pawel/.jdks/corretto-11.0.8!/jdk.aot" type="simple" />
            <root url="jrt://C:/Users/pawel/.jdks/corretto-11.0.8!/jdk.attach" type="simple" />
            <root url="jrt://C:/Users/pawel/.jdks/corretto-11.0.8!/jdk.charsets" type="simple" />
            <root url="jrt://C:/Users/pawel/.jdks/corretto-11.0.8!/jdk.compiler" type="simple" />
            <root url="jrt://C:/Users/pawel/.jdks/corretto-11.0.8!/jdk.crypto.cryptoki" type="simple" />
            <root url="jrt://C:/Users/pawel/.jdks/corretto-11.0.8!/jdk.crypto.ec" type="simple" />
            <root url="jrt://C:/Users/pawel/.jdks/corretto-11.0.8!/jdk.crypto.mscapi" type="simple" />
            <root url="jrt://C:/Users/pawel/.jdks/corretto-11.0.8!/jdk.dynalink" type="simple" />
            <root url="jrt://C:/Users/pawel/.jdks/corretto-11.0.8!/jdk.editpad" type="simple" />
            <root url="jrt://C:/Users/pawel/.jdks/corretto-11.0.8!/jdk.hotspot.agent" type="simple" />
            <root url="jrt://C:/Users/pawel/.jdks/corretto-11.0.8!/jdk.httpserver" type="simple" />
            <root url="jrt://C:/Users/pawel/.jdks/corretto-11.0.8!/jdk.internal.ed" type="simple" />
            <root url="jrt://C:/Users/pawel/.jdks/corretto-11.0.8!/jdk.internal.jvmstat" type="simple" />
            <root url="jrt://C:/Users/pawel/.jdks/corretto-11.0.8!/jdk.internal.le" type="simple" />
            <root url="jrt://C:/Users/pawel/.jdks/corretto-11.0.8!/jdk.internal.opt" type="simple" />
            <root url="jrt://C:/Users/pawel/.jdks/corretto-11.0.8!/jdk.internal.vm.ci" type="simple" />
            <root url="jrt://C:/Users/pawel/.jdks/corretto-11.0.8!/jdk.internal.vm.compiler" type="simple" />
            <root url="jrt://C:/Users/pawel/.jdks/corretto-11.0.8!/jdk.internal.vm.compiler.management" type="simple" />
            <root url="jrt://C:/Users/pawel/.jdks/corretto-11.0.8!/jdk.jartool" type="simple" />
            <root url="jrt://C:/Users/pawel/.jdks/corretto-11.0.8!/jdk.javadoc" type="simple" />
            <root url="jrt://C:/Users/pawel/.jdks/corretto-11.0.8!/jdk.jcmd" type="simple" />
            <root url="jrt://C:/Users/pawel/.jdks/corretto-11.0.8!/jdk.jconsole" type="simple" />
            <root url="jrt://C:/Users/pawel/.jdks/corretto-11.0.8!/jdk.jdeps" type="simple" />
            <root url="jrt://C:/Users/pawel/.jdks/corretto-11.0.8!/jdk.jdi" type="simple" />
            <root url="jrt://C:/Users/pawel/.jdks/corretto-11.0.8!/jdk.jdwp.agent" type="simple" />
            <root url="jrt://C:/Users/pawel/.jdks/corretto-11.0.8!/jdk.jfr" type="simple" />
            <root url="jrt://C:/Users/pawel/.jdks/corretto-11.0.8!/jdk.jlink" type="simple" />
            <root url="jrt://C:/Users/pawel/.jdks/corretto-11.0.8!/jdk.jshell" type="simple" />
            <root url="jrt://C:/Users/pawel/.jdks/corretto-11.0.8!/jdk.jsobject" type="simple" />
            <root url="jrt://C:/Users/pawel/.jdks/corretto-11.0.8!/jdk.jstatd" type="simple" />
            <root url="jrt://C:/Users/pawel/.jdks/corretto-11.0.8!/jdk.localedata" type="simple" />
            <root url="jrt://C:/Users/pawel/.jdks/corretto-11.0.8!/jdk.management" type="simple" />
            <root url="jrt://C:/Users/pawel/.jdks/corretto-11.0.8!/jdk.management.agent" type="simple" />
            <root url="jrt://C:/Users/pawel/.jdks/corretto-11.0.8!/jdk.management.jfr" type="simple" />
            <root url="jrt://C:/Users/pawel/.jdks/corretto-11.0.8!/jdk.naming.dns" type="simple" />
            <root url="jrt://C:/Users/pawel/.jdks/corretto-11.0.8!/jdk.naming.rmi" type="simple" />
            <root url="jrt://C:/Users/pawel/.jdks/corretto-11.0.8!/jdk.net" type="simple" />
            <root url="jrt://C:/Users/pawel/.jdks/corretto-11.0.8!/jdk.pack" type="simple" />
            <root url="jrt://C:/Users/pawel/.jdks/corretto-11.0.8!/jdk.rmic" type="simple" />
            <root url="jrt://C:/Users/pawel/.jdks/corretto-11.0.8!/jdk.scripting.nashorn" type="simple" />
            <root url="jrt://C:/Users/pawel/.jdks/corretto-11.0.8!/jdk.scripting.nashorn.shell" type="simple" />
            <root url="jrt://C:/Users/pawel/.jdks/corretto-11.0.8!/jdk.sctp" type="simple" />
            <root url="jrt://C:/Users/pawel/.jdks/corretto-11.0.8!/jdk.security.auth" type="simple" />
            <root url="jrt://C:/Users/pawel/.jdks/corretto-11.0.8!/jdk.security.jgss" type="simple" />
            <root url="jrt://C:/Users/pawel/.jdks/corretto-11.0.8!/jdk.unsupported" type="simple" />
            <root url="jrt://C:/Users/pawel/.jdks/corretto-11.0.8!/jdk.unsupported.desktop" type="simple" />
            <root url="jrt://C:/Users/pawel/.jdks/corretto-11.0.8!/jdk.xml.dom" type="simple" />
            <root url="jrt://C:/Users/pawel/.jdks/corretto-11.0.8!/jdk.zipfs" type="simple" />
          </root>
        </classPath>
        <javadocPath>
          <root type="composite" />
        </javadocPath>
        <sourcePath>
          <root type="composite">
            <root url="jar://$USER_HOME$/.jdks/corretto-11.0.8/lib/src.zip!/java.se" type="simple" />
            <root url="jar://$USER_HOME$/.jdks/corretto-11.0.8/lib/src.zip!/jdk.aot" type="simple" />
            <root url="jar://$USER_HOME$/.jdks/corretto-11.0.8/lib/src.zip!/jdk.jdi" type="simple" />
            <root url="jar://$USER_HOME$/.jdks/corretto-11.0.8/lib/src.zip!/jdk.jfr" type="simple" />
            <root url="jar://$USER_HOME$/.jdks/corretto-11.0.8/lib/src.zip!/jdk.net" type="simple" />
            <root url="jar://$USER_HOME$/.jdks/corretto-11.0.8/lib/src.zip!/java.rmi" type="simple" />
            <root url="jar://$USER_HOME$/.jdks/corretto-11.0.8/lib/src.zip!/java.sql" type="simple" />
            <root url="jar://$USER_HOME$/.jdks/corretto-11.0.8/lib/src.zip!/java.xml" type="simple" />
            <root url="jar://$USER_HOME$/.jdks/corretto-11.0.8/lib/src.zip!/jdk.jcmd" type="simple" />
            <root url="jar://$USER_HOME$/.jdks/corretto-11.0.8/lib/src.zip!/jdk.pack" type="simple" />
            <root url="jar://$USER_HOME$/.jdks/corretto-11.0.8/lib/src.zip!/jdk.rmic" type="simple" />
            <root url="jar://$USER_HOME$/.jdks/corretto-11.0.8/lib/src.zip!/jdk.sctp" type="simple" />
            <root url="jar://$USER_HOME$/.jdks/corretto-11.0.8/lib/src.zip!/java.base" type="simple" />
            <root url="jar://$USER_HOME$/.jdks/corretto-11.0.8/lib/src.zip!/jdk.jdeps" type="simple" />
            <root url="jar://$USER_HOME$/.jdks/corretto-11.0.8/lib/src.zip!/jdk.jlink" type="simple" />
            <root url="jar://$USER_HOME$/.jdks/corretto-11.0.8/lib/src.zip!/jdk.zipfs" type="simple" />
            <root url="jar://$USER_HOME$/.jdks/corretto-11.0.8/lib/src.zip!/java.prefs" type="simple" />
            <root url="jar://$USER_HOME$/.jdks/corretto-11.0.8/lib/src.zip!/jdk.attach" type="simple" />
            <root url="jar://$USER_HOME$/.jdks/corretto-11.0.8/lib/src.zip!/jdk.jshell" type="simple" />
            <root url="jar://$USER_HOME$/.jdks/corretto-11.0.8/lib/src.zip!/jdk.jstatd" type="simple" />
            <root url="jar://$USER_HOME$/.jdks/corretto-11.0.8/lib/src.zip!/java.naming" type="simple" />
            <root url="jar://$USER_HOME$/.jdks/corretto-11.0.8/lib/src.zip!/jdk.editpad" type="simple" />
            <root url="jar://$USER_HOME$/.jdks/corretto-11.0.8/lib/src.zip!/jdk.jartool" type="simple" />
            <root url="jar://$USER_HOME$/.jdks/corretto-11.0.8/lib/src.zip!/jdk.javadoc" type="simple" />
            <root url="jar://$USER_HOME$/.jdks/corretto-11.0.8/lib/src.zip!/jdk.xml.dom" type="simple" />
            <root url="jar://$USER_HOME$/.jdks/corretto-11.0.8/lib/src.zip!/java.desktop" type="simple" />
            <root url="jar://$USER_HOME$/.jdks/corretto-11.0.8/lib/src.zip!/java.logging" type="simple" />
            <root url="jar://$USER_HOME$/.jdks/corretto-11.0.8/lib/src.zip!/jdk.charsets" type="simple" />
            <root url="jar://$USER_HOME$/.jdks/corretto-11.0.8/lib/src.zip!/jdk.compiler" type="simple" />
            <root url="jar://$USER_HOME$/.jdks/corretto-11.0.8/lib/src.zip!/jdk.dynalink" type="simple" />
            <root url="jar://$USER_HOME$/.jdks/corretto-11.0.8/lib/src.zip!/jdk.jconsole" type="simple" />
            <root url="jar://$USER_HOME$/.jdks/corretto-11.0.8/lib/src.zip!/jdk.jsobject" type="simple" />
            <root url="jar://$USER_HOME$/.jdks/corretto-11.0.8/lib/src.zip!/java.compiler" type="simple" />
            <root url="jar://$USER_HOME$/.jdks/corretto-11.0.8/lib/src.zip!/java.net.http" type="simple" />
            <root url="jar://$USER_HOME$/.jdks/corretto-11.0.8/lib/src.zip!/jdk.crypto.ec" type="simple" />
            <root url="jar://$USER_HOME$/.jdks/corretto-11.0.8/lib/src.zip!/java.scripting" type="simple" />
            <root url="jar://$USER_HOME$/.jdks/corretto-11.0.8/lib/src.zip!/jdk.httpserver" type="simple" />
            <root url="jar://$USER_HOME$/.jdks/corretto-11.0.8/lib/src.zip!/jdk.jdwp.agent" type="simple" />
            <root url="jar://$USER_HOME$/.jdks/corretto-11.0.8/lib/src.zip!/jdk.localedata" type="simple" />
            <root url="jar://$USER_HOME$/.jdks/corretto-11.0.8/lib/src.zip!/jdk.management" type="simple" />
            <root url="jar://$USER_HOME$/.jdks/corretto-11.0.8/lib/src.zip!/jdk.naming.dns" type="simple" />
            <root url="jar://$USER_HOME$/.jdks/corretto-11.0.8/lib/src.zip!/jdk.naming.rmi" type="simple" />
            <root url="jar://$USER_HOME$/.jdks/corretto-11.0.8/lib/src.zip!/java.instrument" type="simple" />
            <root url="jar://$USER_HOME$/.jdks/corretto-11.0.8/lib/src.zip!/java.management" type="simple" />
            <root url="jar://$USER_HOME$/.jdks/corretto-11.0.8/lib/src.zip!/java.sql.rowset" type="simple" />
            <root url="jar://$USER_HOME$/.jdks/corretto-11.0.8/lib/src.zip!/java.xml.crypto" type="simple" />
            <root url="jar://$USER_HOME$/.jdks/corretto-11.0.8/lib/src.zip!/jdk.internal.ed" type="simple" />
            <root url="jar://$USER_HOME$/.jdks/corretto-11.0.8/lib/src.zip!/jdk.internal.le" type="simple" />
            <root url="jar://$USER_HOME$/.jdks/corretto-11.0.8/lib/src.zip!/jdk.unsupported" type="simple" />
            <root url="jar://$USER_HOME$/.jdks/corretto-11.0.8/lib/src.zip!/java.smartcardio" type="simple" />
            <root url="jar://$USER_HOME$/.jdks/corretto-11.0.8/lib/src.zip!/jdk.internal.opt" type="simple" />
            <root url="jar://$USER_HOME$/.jdks/corretto-11.0.8/lib/src.zip!/java.datatransfer" type="simple" />
            <root url="jar://$USER_HOME$/.jdks/corretto-11.0.8/lib/src.zip!/jdk.accessibility" type="simple" />
            <root url="jar://$USER_HOME$/.jdks/corretto-11.0.8/lib/src.zip!/jdk.crypto.mscapi" type="simple" />
            <root url="jar://$USER_HOME$/.jdks/corretto-11.0.8/lib/src.zip!/jdk.hotspot.agent" type="simple" />
            <root url="jar://$USER_HOME$/.jdks/corretto-11.0.8/lib/src.zip!/jdk.security.auth" type="simple" />
            <root url="jar://$USER_HOME$/.jdks/corretto-11.0.8/lib/src.zip!/jdk.security.jgss" type="simple" />
            <root url="jar://$USER_HOME$/.jdks/corretto-11.0.8/lib/src.zip!/java.security.jgss" type="simple" />
            <root url="jar://$USER_HOME$/.jdks/corretto-11.0.8/lib/src.zip!/java.security.sasl" type="simple" />
            <root url="jar://$USER_HOME$/.jdks/corretto-11.0.8/lib/src.zip!/jdk.internal.vm.ci" type="simple" />
            <root url="jar://$USER_HOME$/.jdks/corretto-11.0.8/lib/src.zip!/jdk.management.jfr" type="simple" />
            <root url="jar://$USER_HOME$/.jdks/corretto-11.0.8/lib/src.zip!/java.management.rmi" type="simple" />
            <root url="jar://$USER_HOME$/.jdks/corretto-11.0.8/lib/src.zip!/java.transaction.xa" type="simple" />
            <root url="jar://$USER_HOME$/.jdks/corretto-11.0.8/lib/src.zip!/jdk.crypto.cryptoki" type="simple" />
            <root url="jar://$USER_HOME$/.jdks/corretto-11.0.8/lib/src.zip!/jdk.internal.jvmstat" type="simple" />
            <root url="jar://$USER_HOME$/.jdks/corretto-11.0.8/lib/src.zip!/jdk.management.agent" type="simple" />
            <root url="jar://$USER_HOME$/.jdks/corretto-11.0.8/lib/src.zip!/jdk.scripting.nashorn" type="simple" />
            <root url="jar://$USER_HOME$/.jdks/corretto-11.0.8/lib/src.zip!/jdk.unsupported.desktop" type="simple" />
            <root url="jar://$USER_HOME$/.jdks/corretto-11.0.8/lib/src.zip!/jdk.internal.vm.compiler" type="simple" />
            <root url="jar://$USER_HOME$/.jdks/corretto-11.0.8/lib/src.zip!/jdk.scripting.nashorn.shell" type="simple" />
            <root url="jar://$USER_HOME$/.jdks/corretto-11.0.8/lib/src.zip!/jdk.internal.vm.compiler.management" type="simple" />
          </root>
        </sourcePath>
      </roots>
      <additional />
    </jdk>
    <jdk version="2">
      <name value="Python 3.8" />
      <type value="Python SDK" />
      <version value="Python 3.8.3" />
      <homePath value="C:\Users\pawel\anaconda3\python.exe" />
      <roots>
        <annotationsPath>
          <root type="composite" />
        </annotationsPath>
        <classPath>
          <root type="composite">
            <root url="file://$USER_HOME$/anaconda3/DLLs" type="simple" />
            <root url="file://$USER_HOME$/anaconda3/Lib" type="simple" />
            <root url="file://$USER_HOME$/anaconda3/Lib/site-packages" type="simple" />
            <root url="file://$USER_HOME$/anaconda3/Lib/site-packages/win32" type="simple" />
            <root url="file://$USER_HOME$/anaconda3/Lib/site-packages/win32/lib" type="simple" />
            <root url="file://$USER_HOME$/anaconda3/Lib/site-packages/pythonwin" type="simple" />
            <root url="file://$USER_HOME$/AppData/Local/JetBrains/IntelliJIdea2021.1/python_stubs/873451848" type="simple" />
            <root url="file://$APPLICATION_PLUGINS_DIR$/python/helpers/python-skeletons" type="simple" />
            <root url="file://$APPLICATION_PLUGINS_DIR$/python/helpers/typeshed/stdlib" type="simple" />
            <root url="file://$APPLICATION_PLUGINS_DIR$/python/helpers/typeshed/stubs/jwt" type="simple" />
            <root url="file://$APPLICATION_PLUGINS_DIR$/python/helpers/typeshed/stubs/six" type="simple" />
            <root url="file://$APPLICATION_PLUGINS_DIR$/python/helpers/typeshed/stubs/mock" type="simple" />
            <root url="file://$APPLICATION_PLUGINS_DIR$/python/helpers/typeshed/stubs/nmap" type="simple" />
            <root url="file://$APPLICATION_PLUGINS_DIR$/python/helpers/typeshed/stubs/attrs" type="simple" />
            <root url="file://$APPLICATION_PLUGINS_DIR$/python/helpers/typeshed/stubs/polib" type="simple" />
            <root url="file://$APPLICATION_PLUGINS_DIR$/python/helpers/typeshed/stubs/retry" type="simple" />
            <root url="file://$APPLICATION_PLUGINS_DIR$/python/helpers/typeshed/stubs/enum34" type="simple" />
            <root url="file://$APPLICATION_PLUGINS_DIR$/python/helpers/typeshed/stubs/orjson" type="simple" />
            <root url="file://$APPLICATION_PLUGINS_DIR$/python/helpers/typeshed/stubs/xxhash" type="simple" />
            <root url="file://$APPLICATION_PLUGINS_DIR$/python/helpers/typeshed/stubs/chardet" type="simple" />
            <root url="file://$APPLICATION_PLUGINS_DIR$/python/helpers/typeshed/stubs/futures" type="simple" />
            <root url="file://$APPLICATION_PLUGINS_DIR$/python/helpers/typeshed/stubs/tzlocal" type="simple" />
            <root url="file://$APPLICATION_PLUGINS_DIR$/python/helpers/typeshed/stubs/aiofiles" type="simple" />
            <root url="file://$APPLICATION_PLUGINS_DIR$/python/helpers/typeshed/stubs/filelock" type="simple" />
            <root url="file://$APPLICATION_PLUGINS_DIR$/python/helpers/typeshed/stubs/Markdown" type="simple" />
            <root url="file://$APPLICATION_PLUGINS_DIR$/python/helpers/typeshed/stubs/paramiko" type="simple" />
            <root url="file://$APPLICATION_PLUGINS_DIR$/python/helpers/typeshed/stubs/pathlib2" type="simple" />
            <root url="file://$APPLICATION_PLUGINS_DIR$/python/helpers/typeshed/stubs/requests" type="simple" />
            <root url="file://$APPLICATION_PLUGINS_DIR$/python/helpers/typeshed/stubs/waitress" type="simple" />
            <root url="file://$APPLICATION_PLUGINS_DIR$/python/helpers/typeshed/stubs/Werkzeug" type="simple" />
            <root url="file://$APPLICATION_PLUGINS_DIR$/python/helpers/typeshed/stubs/freezegun" type="simple" />
            <root url="file://$APPLICATION_PLUGINS_DIR$/python/helpers/typeshed/stubs/ipaddress" type="simple" />
            <root url="file://$APPLICATION_PLUGINS_DIR$/python/helpers/typeshed/stubs/pyRFC3339" type="simple" />
            <root url="file://$APPLICATION_PLUGINS_DIR$/python/helpers/typeshed/stubs/typed-ast" type="simple" />
            <root url="file://$APPLICATION_PLUGINS_DIR$/python/helpers/typeshed/stubs/cachetools" type="simple" />
            <root url="file://$APPLICATION_PLUGINS_DIR$/python/helpers/typeshed/stubs/Deprecated" type="simple" />
            <root url="file://$APPLICATION_PLUGINS_DIR$/python/helpers/typeshed/stubs/frozendict" type="simple" />
            <root url="file://$APPLICATION_PLUGINS_DIR$/python/helpers/typeshed/stubs/contextvars" type="simple" />
            <root url="file://$APPLICATION_PLUGINS_DIR$/python/helpers/typeshed/stubs/JACK-Client" type="simple" />
            <root url="file://$APPLICATION_PLUGINS_DIR$/python/helpers/typeshed/stubs/atomicwrites" type="simple" />
            <root url="file://$APPLICATION_PLUGINS_DIR$/python/helpers/typeshed/stubs/cryptography" type="simple" />
            <root url="file://$APPLICATION_PLUGINS_DIR$/python/helpers/typeshed/stubs/click-spinner" type="simple" />
            <root url="file://$APPLICATION_PLUGINS_DIR$/python/helpers/typeshed/stubs/DateTimeRange" type="simple" />
            <root url="file://$APPLICATION_PLUGINS_DIR$/python/helpers/typeshed/stubs/pkg_resources" type="simple" />
            <root url="file://$APPLICATION_PLUGINS_DIR$/python/helpers/typeshed/stubs/python-gflags" type="simple" />
            <root url="file://$APPLICATION_PLUGINS_DIR$/python/helpers/typeshed/stubs/python-slugify" type="simple" />
            <root url="file://$APPLICATION_PLUGINS_DIR$/python/helpers/typeshed/stubs/python-dateutil" type="simple" />
            <root url="file://$APPLICATION_PLUGINS_DIR$/python/helpers/typeshed/stubs/typing-extensions" type="simple" />
          </root>
        </classPath>
        <javadocPath>
          <root type="composite" />
        </javadocPath>
        <sourcePath>
          <root type="composite" />
        </sourcePath>
      </roots>
      <additional />
    </jdk>
    <jdk version="2">
      <name value="1.8" />
      <type value="JavaSDK" />
      <version value="version 1.8.0_271" />
      <homePath value="C:\Program Files\Java\jdk1.8.0_271" />
      <roots>
        <annotationsPath>
          <root type="composite">
            <root url="jar://$APPLICATION_HOME_DIR$/plugins/java/lib/jdkAnnotations.jar!/" type="simple" />
          </root>
        </annotationsPath>
        <classPath>
          <root type="composite">
            <root url="jar://C:/Program Files/Java/jdk1.8.0_271/jre/lib/charsets.jar!/" type="simple" />
            <root url="jar://C:/Program Files/Java/jdk1.8.0_271/jre/lib/deploy.jar!/" type="simple" />
            <root url="jar://C:/Program Files/Java/jdk1.8.0_271/jre/lib/ext/access-bridge-64.jar!/" type="simple" />
            <root url="jar://C:/Program Files/Java/jdk1.8.0_271/jre/lib/ext/cldrdata.jar!/" type="simple" />
            <root url="jar://C:/Program Files/Java/jdk1.8.0_271/jre/lib/ext/dnsns.jar!/" type="simple" />
            <root url="jar://C:/Program Files/Java/jdk1.8.0_271/jre/lib/ext/jaccess.jar!/" type="simple" />
            <root url="jar://C:/Program Files/Java/jdk1.8.0_271/jre/lib/ext/jfxrt.jar!/" type="simple" />
            <root url="jar://C:/Program Files/Java/jdk1.8.0_271/jre/lib/ext/localedata.jar!/" type="simple" />
            <root url="jar://C:/Program Files/Java/jdk1.8.0_271/jre/lib/ext/nashorn.jar!/" type="simple" />
            <root url="jar://C:/Program Files/Java/jdk1.8.0_271/jre/lib/ext/sunec.jar!/" type="simple" />
            <root url="jar://C:/Program Files/Java/jdk1.8.0_271/jre/lib/ext/sunjce_provider.jar!/" type="simple" />
            <root url="jar://C:/Program Files/Java/jdk1.8.0_271/jre/lib/ext/sunmscapi.jar!/" type="simple" />
            <root url="jar://C:/Program Files/Java/jdk1.8.0_271/jre/lib/ext/sunpkcs11.jar!/" type="simple" />
            <root url="jar://C:/Program Files/Java/jdk1.8.0_271/jre/lib/ext/zipfs.jar!/" type="simple" />
            <root url="jar://C:/Program Files/Java/jdk1.8.0_271/jre/lib/javaws.jar!/" type="simple" />
            <root url="jar://C:/Program Files/Java/jdk1.8.0_271/jre/lib/jce.jar!/" type="simple" />
            <root url="jar://C:/Program Files/Java/jdk1.8.0_271/jre/lib/jfr.jar!/" type="simple" />
            <root url="jar://C:/Program Files/Java/jdk1.8.0_271/jre/lib/jfxswt.jar!/" type="simple" />
            <root url="jar://C:/Program Files/Java/jdk1.8.0_271/jre/lib/jsse.jar!/" type="simple" />
            <root url="jar://C:/Program Files/Java/jdk1.8.0_271/jre/lib/management-agent.jar!/" type="simple" />
            <root url="jar://C:/Program Files/Java/jdk1.8.0_271/jre/lib/plugin.jar!/" type="simple" />
            <root url="jar://C:/Program Files/Java/jdk1.8.0_271/jre/lib/resources.jar!/" type="simple" />
            <root url="jar://C:/Program Files/Java/jdk1.8.0_271/jre/lib/rt.jar!/" type="simple" />
          </root>
        </classPath>
        <javadocPath>
          <root type="composite" />
        </javadocPath>
        <sourcePath>
          <root type="composite">
            <root url="jar://C:/Program Files/Java/jdk1.8.0_271/src.zip!/" type="simple" />
            <root url="jar://C:/Program Files/Java/jdk1.8.0_271/javafx-src.zip!/" type="simple" />
          </root>
        </sourcePath>
      </roots>
      <additional />
    </jdk>
    <jdk version="2">
      <name value="14 (2)" />
      <type value="JavaSDK" />
      <version value="version 14.0.2" />
      <homePath value="C:\Program Files\Java\jdk-14.0.2" />
      <roots>
        <annotationsPath>
          <root type="composite">
            <root url="jar://$APPLICATION_HOME_DIR$/plugins/java/lib/jdkAnnotations.jar!/" type="simple" />
          </root>
        </annotationsPath>
        <classPath>
          <root type="composite">
            <root url="jrt://C:/Program Files/Java/jdk-14.0.2!/java.base" type="simple" />
            <root url="jrt://C:/Program Files/Java/jdk-14.0.2!/java.compiler" type="simple" />
            <root url="jrt://C:/Program Files/Java/jdk-14.0.2!/java.datatransfer" type="simple" />
            <root url="jrt://C:/Program Files/Java/jdk-14.0.2!/java.desktop" type="simple" />
            <root url="jrt://C:/Program Files/Java/jdk-14.0.2!/java.instrument" type="simple" />
            <root url="jrt://C:/Program Files/Java/jdk-14.0.2!/java.logging" type="simple" />
            <root url="jrt://C:/Program Files/Java/jdk-14.0.2!/java.management" type="simple" />
            <root url="jrt://C:/Program Files/Java/jdk-14.0.2!/java.management.rmi" type="simple" />
            <root url="jrt://C:/Program Files/Java/jdk-14.0.2!/java.naming" type="simple" />
            <root url="jrt://C:/Program Files/Java/jdk-14.0.2!/java.net.http" type="simple" />
            <root url="jrt://C:/Program Files/Java/jdk-14.0.2!/java.prefs" type="simple" />
            <root url="jrt://C:/Program Files/Java/jdk-14.0.2!/java.rmi" type="simple" />
            <root url="jrt://C:/Program Files/Java/jdk-14.0.2!/java.scripting" type="simple" />
            <root url="jrt://C:/Program Files/Java/jdk-14.0.2!/java.se" type="simple" />
            <root url="jrt://C:/Program Files/Java/jdk-14.0.2!/java.security.jgss" type="simple" />
            <root url="jrt://C:/Program Files/Java/jdk-14.0.2!/java.security.sasl" type="simple" />
            <root url="jrt://C:/Program Files/Java/jdk-14.0.2!/java.smartcardio" type="simple" />
            <root url="jrt://C:/Program Files/Java/jdk-14.0.2!/java.sql" type="simple" />
            <root url="jrt://C:/Program Files/Java/jdk-14.0.2!/java.sql.rowset" type="simple" />
            <root url="jrt://C:/Program Files/Java/jdk-14.0.2!/java.transaction.xa" type="simple" />
            <root url="jrt://C:/Program Files/Java/jdk-14.0.2!/java.xml" type="simple" />
            <root url="jrt://C:/Program Files/Java/jdk-14.0.2!/java.xml.crypto" type="simple" />
            <root url="jrt://C:/Program Files/Java/jdk-14.0.2!/jdk.accessibility" type="simple" />
            <root url="jrt://C:/Program Files/Java/jdk-14.0.2!/jdk.aot" type="simple" />
            <root url="jrt://C:/Program Files/Java/jdk-14.0.2!/jdk.attach" type="simple" />
            <root url="jrt://C:/Program Files/Java/jdk-14.0.2!/jdk.charsets" type="simple" />
            <root url="jrt://C:/Program Files/Java/jdk-14.0.2!/jdk.compiler" type="simple" />
            <root url="jrt://C:/Program Files/Java/jdk-14.0.2!/jdk.crypto.cryptoki" type="simple" />
            <root url="jrt://C:/Program Files/Java/jdk-14.0.2!/jdk.crypto.ec" type="simple" />
            <root url="jrt://C:/Program Files/Java/jdk-14.0.2!/jdk.crypto.mscapi" type="simple" />
            <root url="jrt://C:/Program Files/Java/jdk-14.0.2!/jdk.dynalink" type="simple" />
            <root url="jrt://C:/Program Files/Java/jdk-14.0.2!/jdk.editpad" type="simple" />
            <root url="jrt://C:/Program Files/Java/jdk-14.0.2!/jdk.hotspot.agent" type="simple" />
            <root url="jrt://C:/Program Files/Java/jdk-14.0.2!/jdk.httpserver" type="simple" />
            <root url="jrt://C:/Program Files/Java/jdk-14.0.2!/jdk.incubator.foreign" type="simple" />
            <root url="jrt://C:/Program Files/Java/jdk-14.0.2!/jdk.incubator.jpackage" type="simple" />
            <root url="jrt://C:/Program Files/Java/jdk-14.0.2!/jdk.internal.ed" type="simple" />
            <root url="jrt://C:/Program Files/Java/jdk-14.0.2!/jdk.internal.jvmstat" type="simple" />
            <root url="jrt://C:/Program Files/Java/jdk-14.0.2!/jdk.internal.le" type="simple" />
            <root url="jrt://C:/Program Files/Java/jdk-14.0.2!/jdk.internal.opt" type="simple" />
            <root url="jrt://C:/Program Files/Java/jdk-14.0.2!/jdk.internal.vm.ci" type="simple" />
            <root url="jrt://C:/Program Files/Java/jdk-14.0.2!/jdk.internal.vm.compiler" type="simple" />
            <root url="jrt://C:/Program Files/Java/jdk-14.0.2!/jdk.internal.vm.compiler.management" type="simple" />
            <root url="jrt://C:/Program Files/Java/jdk-14.0.2!/jdk.jartool" type="simple" />
            <root url="jrt://C:/Program Files/Java/jdk-14.0.2!/jdk.javadoc" type="simple" />
            <root url="jrt://C:/Program Files/Java/jdk-14.0.2!/jdk.jcmd" type="simple" />
            <root url="jrt://C:/Program Files/Java/jdk-14.0.2!/jdk.jconsole" type="simple" />
            <root url="jrt://C:/Program Files/Java/jdk-14.0.2!/jdk.jdeps" type="simple" />
            <root url="jrt://C:/Program Files/Java/jdk-14.0.2!/jdk.jdi" type="simple" />
            <root url="jrt://C:/Program Files/Java/jdk-14.0.2!/jdk.jdwp.agent" type="simple" />
            <root url="jrt://C:/Program Files/Java/jdk-14.0.2!/jdk.jfr" type="simple" />
            <root url="jrt://C:/Program Files/Java/jdk-14.0.2!/jdk.jlink" type="simple" />
            <root url="jrt://C:/Program Files/Java/jdk-14.0.2!/jdk.jshell" type="simple" />
            <root url="jrt://C:/Program Files/Java/jdk-14.0.2!/jdk.jsobject" type="simple" />
            <root url="jrt://C:/Program Files/Java/jdk-14.0.2!/jdk.jstatd" type="simple" />
            <root url="jrt://C:/Program Files/Java/jdk-14.0.2!/jdk.localedata" type="simple" />
            <root url="jrt://C:/Program Files/Java/jdk-14.0.2!/jdk.management" type="simple" />
            <root url="jrt://C:/Program Files/Java/jdk-14.0.2!/jdk.management.agent" type="simple" />
            <root url="jrt://C:/Program Files/Java/jdk-14.0.2!/jdk.management.jfr" type="simple" />
            <root url="jrt://C:/Program Files/Java/jdk-14.0.2!/jdk.naming.dns" type="simple" />
            <root url="jrt://C:/Program Files/Java/jdk-14.0.2!/jdk.naming.rmi" type="simple" />
            <root url="jrt://C:/Program Files/Java/jdk-14.0.2!/jdk.net" type="simple" />
            <root url="jrt://C:/Program Files/Java/jdk-14.0.2!/jdk.nio.mapmode" type="simple" />
            <root url="jrt://C:/Program Files/Java/jdk-14.0.2!/jdk.rmic" type="simple" />
            <root url="jrt://C:/Program Files/Java/jdk-14.0.2!/jdk.scripting.nashorn" type="simple" />
            <root url="jrt://C:/Program Files/Java/jdk-14.0.2!/jdk.scripting.nashorn.shell" type="simple" />
            <root url="jrt://C:/Program Files/Java/jdk-14.0.2!/jdk.sctp" type="simple" />
            <root url="jrt://C:/Program Files/Java/jdk-14.0.2!/jdk.security.auth" type="simple" />
            <root url="jrt://C:/Program Files/Java/jdk-14.0.2!/jdk.security.jgss" type="simple" />
            <root url="jrt://C:/Program Files/Java/jdk-14.0.2!/jdk.unsupported" type="simple" />
            <root url="jrt://C:/Program Files/Java/jdk-14.0.2!/jdk.unsupported.desktop" type="simple" />
            <root url="jrt://C:/Program Files/Java/jdk-14.0.2!/jdk.xml.dom" type="simple" />
            <root url="jrt://C:/Program Files/Java/jdk-14.0.2!/jdk.zipfs" type="simple" />
          </root>
        </classPath>
        <javadocPath>
          <root type="composite" />
        </javadocPath>
        <sourcePath>
          <root type="composite">
            <root url="jar://C:/Program Files/Java/jdk-14.0.2/lib/src.zip!/java.se" type="simple" />
            <root url="jar://C:/Program Files/Java/jdk-14.0.2/lib/src.zip!/jdk.aot" type="simple" />
            <root url="jar://C:/Program Files/Java/jdk-14.0.2/lib/src.zip!/jdk.jdi" type="simple" />
            <root url="jar://C:/Program Files/Java/jdk-14.0.2/lib/src.zip!/jdk.jfr" type="simple" />
            <root url="jar://C:/Program Files/Java/jdk-14.0.2/lib/src.zip!/jdk.net" type="simple" />
            <root url="jar://C:/Program Files/Java/jdk-14.0.2/lib/src.zip!/java.rmi" type="simple" />
            <root url="jar://C:/Program Files/Java/jdk-14.0.2/lib/src.zip!/java.sql" type="simple" />
            <root url="jar://C:/Program Files/Java/jdk-14.0.2/lib/src.zip!/java.xml" type="simple" />
            <root url="jar://C:/Program Files/Java/jdk-14.0.2/lib/src.zip!/jdk.jcmd" type="simple" />
            <root url="jar://C:/Program Files/Java/jdk-14.0.2/lib/src.zip!/jdk.rmic" type="simple" />
            <root url="jar://C:/Program Files/Java/jdk-14.0.2/lib/src.zip!/jdk.sctp" type="simple" />
            <root url="jar://C:/Program Files/Java/jdk-14.0.2/lib/src.zip!/java.base" type="simple" />
            <root url="jar://C:/Program Files/Java/jdk-14.0.2/lib/src.zip!/jdk.jdeps" type="simple" />
            <root url="jar://C:/Program Files/Java/jdk-14.0.2/lib/src.zip!/jdk.jlink" type="simple" />
            <root url="jar://C:/Program Files/Java/jdk-14.0.2/lib/src.zip!/jdk.zipfs" type="simple" />
            <root url="jar://C:/Program Files/Java/jdk-14.0.2/lib/src.zip!/java.prefs" type="simple" />
            <root url="jar://C:/Program Files/Java/jdk-14.0.2/lib/src.zip!/jdk.attach" type="simple" />
            <root url="jar://C:/Program Files/Java/jdk-14.0.2/lib/src.zip!/jdk.jshell" type="simple" />
            <root url="jar://C:/Program Files/Java/jdk-14.0.2/lib/src.zip!/jdk.jstatd" type="simple" />
            <root url="jar://C:/Program Files/Java/jdk-14.0.2/lib/src.zip!/java.naming" type="simple" />
            <root url="jar://C:/Program Files/Java/jdk-14.0.2/lib/src.zip!/jdk.editpad" type="simple" />
            <root url="jar://C:/Program Files/Java/jdk-14.0.2/lib/src.zip!/jdk.jartool" type="simple" />
            <root url="jar://C:/Program Files/Java/jdk-14.0.2/lib/src.zip!/jdk.javadoc" type="simple" />
            <root url="jar://C:/Program Files/Java/jdk-14.0.2/lib/src.zip!/jdk.xml.dom" type="simple" />
            <root url="jar://C:/Program Files/Java/jdk-14.0.2/lib/src.zip!/java.desktop" type="simple" />
            <root url="jar://C:/Program Files/Java/jdk-14.0.2/lib/src.zip!/java.logging" type="simple" />
            <root url="jar://C:/Program Files/Java/jdk-14.0.2/lib/src.zip!/jdk.charsets" type="simple" />
            <root url="jar://C:/Program Files/Java/jdk-14.0.2/lib/src.zip!/jdk.compiler" type="simple" />
            <root url="jar://C:/Program Files/Java/jdk-14.0.2/lib/src.zip!/jdk.dynalink" type="simple" />
            <root url="jar://C:/Program Files/Java/jdk-14.0.2/lib/src.zip!/jdk.jconsole" type="simple" />
            <root url="jar://C:/Program Files/Java/jdk-14.0.2/lib/src.zip!/jdk.jsobject" type="simple" />
            <root url="jar://C:/Program Files/Java/jdk-14.0.2/lib/src.zip!/java.compiler" type="simple" />
            <root url="jar://C:/Program Files/Java/jdk-14.0.2/lib/src.zip!/java.net.http" type="simple" />
            <root url="jar://C:/Program Files/Java/jdk-14.0.2/lib/src.zip!/jdk.crypto.ec" type="simple" />
            <root url="jar://C:/Program Files/Java/jdk-14.0.2/lib/src.zip!/java.scripting" type="simple" />
            <root url="jar://C:/Program Files/Java/jdk-14.0.2/lib/src.zip!/jdk.httpserver" type="simple" />
            <root url="jar://C:/Program Files/Java/jdk-14.0.2/lib/src.zip!/jdk.jdwp.agent" type="simple" />
            <root url="jar://C:/Program Files/Java/jdk-14.0.2/lib/src.zip!/jdk.localedata" type="simple" />
            <root url="jar://C:/Program Files/Java/jdk-14.0.2/lib/src.zip!/jdk.management" type="simple" />
            <root url="jar://C:/Program Files/Java/jdk-14.0.2/lib/src.zip!/jdk.naming.dns" type="simple" />
            <root url="jar://C:/Program Files/Java/jdk-14.0.2/lib/src.zip!/jdk.naming.rmi" type="simple" />
            <root url="jar://C:/Program Files/Java/jdk-14.0.2/lib/src.zip!/java.instrument" type="simple" />
            <root url="jar://C:/Program Files/Java/jdk-14.0.2/lib/src.zip!/java.management" type="simple" />
            <root url="jar://C:/Program Files/Java/jdk-14.0.2/lib/src.zip!/java.sql.rowset" type="simple" />
            <root url="jar://C:/Program Files/Java/jdk-14.0.2/lib/src.zip!/java.xml.crypto" type="simple" />
            <root url="jar://C:/Program Files/Java/jdk-14.0.2/lib/src.zip!/jdk.internal.ed" type="simple" />
            <root url="jar://C:/Program Files/Java/jdk-14.0.2/lib/src.zip!/jdk.internal.le" type="simple" />
            <root url="jar://C:/Program Files/Java/jdk-14.0.2/lib/src.zip!/jdk.nio.mapmode" type="simple" />
            <root url="jar://C:/Program Files/Java/jdk-14.0.2/lib/src.zip!/jdk.unsupported" type="simple" />
            <root url="jar://C:/Program Files/Java/jdk-14.0.2/lib/src.zip!/java.smartcardio" type="simple" />
            <root url="jar://C:/Program Files/Java/jdk-14.0.2/lib/src.zip!/jdk.internal.opt" type="simple" />
            <root url="jar://C:/Program Files/Java/jdk-14.0.2/lib/src.zip!/java.datatransfer" type="simple" />
            <root url="jar://C:/Program Files/Java/jdk-14.0.2/lib/src.zip!/jdk.accessibility" type="simple" />
            <root url="jar://C:/Program Files/Java/jdk-14.0.2/lib/src.zip!/jdk.crypto.mscapi" type="simple" />
            <root url="jar://C:/Program Files/Java/jdk-14.0.2/lib/src.zip!/jdk.hotspot.agent" type="simple" />
            <root url="jar://C:/Program Files/Java/jdk-14.0.2/lib/src.zip!/jdk.security.auth" type="simple" />
            <root url="jar://C:/Program Files/Java/jdk-14.0.2/lib/src.zip!/jdk.security.jgss" type="simple" />
            <root url="jar://C:/Program Files/Java/jdk-14.0.2/lib/src.zip!/java.security.jgss" type="simple" />
            <root url="jar://C:/Program Files/Java/jdk-14.0.2/lib/src.zip!/java.security.sasl" type="simple" />
            <root url="jar://C:/Program Files/Java/jdk-14.0.2/lib/src.zip!/jdk.internal.vm.ci" type="simple" />
            <root url="jar://C:/Program Files/Java/jdk-14.0.2/lib/src.zip!/jdk.management.jfr" type="simple" />
            <root url="jar://C:/Program Files/Java/jdk-14.0.2/lib/src.zip!/java.management.rmi" type="simple" />
            <root url="jar://C:/Program Files/Java/jdk-14.0.2/lib/src.zip!/java.transaction.xa" type="simple" />
            <root url="jar://C:/Program Files/Java/jdk-14.0.2/lib/src.zip!/jdk.crypto.cryptoki" type="simple" />
            <root url="jar://C:/Program Files/Java/jdk-14.0.2/lib/src.zip!/jdk.internal.jvmstat" type="simple" />
            <root url="jar://C:/Program Files/Java/jdk-14.0.2/lib/src.zip!/jdk.management.agent" type="simple" />
            <root url="jar://C:/Program Files/Java/jdk-14.0.2/lib/src.zip!/jdk.incubator.foreign" type="simple" />
            <root url="jar://C:/Program Files/Java/jdk-14.0.2/lib/src.zip!/jdk.scripting.nashorn" type="simple" />
            <root url="jar://C:/Program Files/Java/jdk-14.0.2/lib/src.zip!/jdk.incubator.jpackage" type="simple" />
            <root url="jar://C:/Program Files/Java/jdk-14.0.2/lib/src.zip!/jdk.unsupported.desktop" type="simple" />
            <root url="jar://C:/Program Files/Java/jdk-14.0.2/lib/src.zip!/jdk.internal.vm.compiler" type="simple" />
            <root url="jar://C:/Program Files/Java/jdk-14.0.2/lib/src.zip!/jdk.scripting.nashorn.shell" type="simple" />
            <root url="jar://C:/Program Files/Java/jdk-14.0.2/lib/src.zip!/jdk.internal.vm.compiler.management" type="simple" />
          </root>
        </sourcePath>
      </roots>
      <additional />
    </jdk>
  </component>
</application>