<application>
  <component name="KeyPromoterXStatistic">
    <option name="statistics">
      <Statistic Action="Component Declaration">
        <Item>
          <IdeaActionID>GotoDeclaration</IdeaActionID>
          <ShortCut>'Ctrl+B'</ShortCut>
          <Description>Component Declaration</Description>
          <Count>236</Count>
        </Item>
      </Statistic>
      <Statistic Action="Copy">
        <Item>
          <IdeaActionID>$Copy</IdeaActionID>
          <ShortCut>'Ctrl+C' or 'Ctrl+Insert'</ShortCut>
          <Description>Copy</Description>
          <Count>3</Count>
        </Item>
      </Statistic>
      <Statistic Action="Cut">
        <Item>
          <IdeaActionID>$Cut</IdeaActionID>
          <ShortCut>'Ctrl+X' or 'Shift+Delete'</ShortCut>
          <Description>Cut</Description>
          <Count>1</Count>
        </Item>
      </Statistic>
      <Statistic Action="Declaration">
        <Item>
          <IdeaActionID>GotoDeclaration</IdeaActionID>
          <ShortCut>'Ctrl+B'</ShortCut>
          <Description>Declaration</Description>
          <Count>87</Count>
        </Item>
      </Statistic>
      <Statistic Action="Directive Declaration">
        <Item>
          <IdeaActionID>GotoDeclaration</IdeaActionID>
          <ShortCut>'Ctrl+B'</ShortCut>
          <Description>Directive Declaration</Description>
          <Count>26</Count>
        </Item>
      </Statistic>
      <Statistic Action="Exclude">
        <Item>
          <IdeaActionID>UsageView.Exclude</IdeaActionID>
          <ShortCut>'Delete'</ShortCut>
          <Description>Exclude</Description>
          <Count>3</Count>
        </Item>
      </Statistic>
      <Statistic Action="Favorites">
        <Item>
          <IdeaActionID>ActivateFavoritesToolWindow</IdeaActionID>
          <ShortCut>'Alt+1'</ShortCut>
          <Description>Favorites</Description>
          <Count>7</Count>
        </Item>
      </Statistic>
      <Statistic Action="Hide All Windows">
        <Item>
          <IdeaActionID>HideAllWindows</IdeaActionID>
          <ShortCut>'Ctrl+Shift+F12'</ShortCut>
          <Description>Hide All Windows</Description>
          <Count>2</Count>
        </Item>
      </Statistic>
      <Statistic Action="Implementation(s)">
        <Item>
          <IdeaActionID>GotoImplementation</IdeaActionID>
          <ShortCut>'Ctrl+Alt+B'</ShortCut>
          <Description>Implementation(s)</Description>
          <Count>1</Count>
        </Item>
      </Statistic>
      <Statistic Action="Move to Another Changelist...">
        <Item>
          <IdeaActionID>ChangesView.Move</IdeaActionID>
          <ShortCut>'Alt+Shift+M'</ShortCut>
          <Description>Move to Another Changelist...</Description>
          <Count>1</Count>
        </Item>
      </Statistic>
      <Statistic Action="Project">
        <Item>
          <IdeaActionID>ActivateProjectToolWindow</IdeaActionID>
          <ShortCut>'Alt+5'</ShortCut>
          <Description>Project</Description>
          <Count>6</Count>
        </Item>
      </Statistic>
      <Statistic Action="Remove">
        <Item>
          <IdeaActionID>UsageView.Remove</IdeaActionID>
          <ShortCut>'Ctrl+X' or 'Shift+Delete'</ShortCut>
          <Description>Remove</Description>
          <Count>1</Count>
        </Item>
      </Statistic>
      <Statistic Action="Run 'Angular Application'">
        <Item>
          <IdeaActionID>Run</IdeaActionID>
          <ShortCut>'Shift+F10'</ShortCut>
          <Description>Run 'Angular Application'</Description>
          <Count>1</Count>
        </Item>
      </Statistic>
      <Statistic Action="Settings...">
        <Item>
          <IdeaActionID>ShowSettings</IdeaActionID>
          <ShortCut>'Ctrl+Alt+S' or 'F1'</ShortCut>
          <Description>Settings...</Description>
          <Count>17</Count>
        </Item>
      </Statistic>
      <Statistic Action="Show Diff">
        <Item>
          <IdeaActionID>Diff.ShowDiff</IdeaActionID>
          <ShortCut>'Ctrl+D'</ShortCut>
          <Description>Show Diff</Description>
          <Count>60</Count>
        </Item>
      </Statistic>
      <Statistic Action="Structure">
        <Item>
          <IdeaActionID>ActivateStructureToolWindow</IdeaActionID>
          <ShortCut>'Alt+7'</ShortCut>
          <Description>Structure</Description>
          <Count>7</Count>
        </Item>
      </Statistic>
      <Statistic Action="TODO">
        <Item>
          <IdeaActionID>ActivateTODOToolWindow</IdeaActionID>
          <ShortCut>'Alt+6'</ShortCut>
          <Description>TODO</Description>
          <Count>1</Count>
        </Item>
      </Statistic>
      <Statistic Action="Terminal">
        <Item>
          <IdeaActionID>ActivateTerminalToolWindow</IdeaActionID>
          <ShortCut>'Alt+F12'</ShortCut>
          <Description>Terminal</Description>
          <Count>2</Count>
        </Item>
      </Statistic>
      <Statistic Action="Toggle Line Breakpoint">
        <Item>
          <IdeaActionID>ToggleLineBreakpoint</IdeaActionID>
          <ShortCut>'Ctrl+F8'</ShortCut>
          <Description>Toggle Line Breakpoint</Description>
          <Count>7</Count>
        </Item>
      </Statistic>
      <Statistic Action="Unshelve...">
        <Item>
          <IdeaActionID>ShelveChanges.UnshelveWithDialog</IdeaActionID>
          <ShortCut>'Ctrl+Shift+U'</ShortCut>
          <Description>Unshelve...</Description>
          <Count>9</Count>
        </Item>
      </Statistic>
      <Statistic Action="Version Control">
        <Item>
          <IdeaActionID>ActivateVersionControlToolWindow</IdeaActionID>
          <ShortCut>'Alt+9' or 'Alt+Shift+9'</ShortCut>
          <Description>Version Control</Description>
          <Count>25</Count>
        </Item>
      </Statistic>
    </option>
  </component>
</application>